t_ms,peak_value,baseline,height,width_ms,rise_slope,fall_slope,is_lens_like
649.0,5.0,2.0,3.0,2958.0,0.05660377358490566,-0.0010327022375215145,False
655.0,5.0,2.0,3.0,2958.0,0.05084745762711865,-0.0010348395998620215,False
659.0,5.0,2.0,3.0,2958.0,0.047619047619047616,-0.0010362694300518134,False
662.0,5.0,2.0,3.0,2958.0,0.045454545454545456,-0.001037344398340249,False
697.0,6.0,3.0,3.0,2895.0,0.036585365853658534,-0.001066477070742979,False
702.0,6.0,3.0,3.0,2895.0,0.034482758620689655,-0.0010683760683760685,False
709.0,6.0,3.0,3.0,2895.0,0.031914893617021274,-0.0010710460549803642,False
714.0,6.0,3.0,3.0,2895.0,0.030303030303030304,-0.001072961373390558,False
716.0,6.0,3.0,3.0,2895.0,0.0297029702970297,-0.0010737294201861132,False
719.0,6.0,3.0,3.0,2895.0,0.028846153846153848,-0.0010748835542816195,False
721.0,6.0,3.0,3.0,2895.0,0.02830188679245283,-0.0010756543564001434,False
724.0,6.0,3.0,3.0,2895.0,0.027522935779816515,-0.0010768126346015793,False
727.0,6.0,3.0,3.0,2895.0,0.026785714285714284,-0.0010779734099892202,False
732.0,6.0,3.0,3.0,2895.0,0.02564102564102564,-0.0010799136069114472,False
827.0,7.0,3.0,4.0,2895.0,0.018867924528301886,-0.0014908684308609765,False
840.0,7.0,3.0,4.0,2895.0,0.017777777777777778,-0.00149812734082397,False
844.0,7.0,3.0,4.0,2895.0,0.017467248908296942,-0.0015003750937734434,False
866.0,7.0,3.0,4.0,2895.0,0.01593625498007968,-0.0015128593040847202,False
904.0,7.0,3.0,4.0,2895.0,0.01384083044982699,-0.0015349194167306216,False
913.0,7.0,3.0,4.0,2895.0,0.013422818791946308,-0.0015402387370042356,False
929.0,7.0,3.0,4.0,2895.0,0.012738853503184714,-0.0015497869043006587,False
941.0,7.0,3.0,4.0,2895.0,0.012269938650306749,-0.001557026080186843,False
947.0,7.0,3.0,4.0,2895.0,0.012048192771084338,-0.0015606710885680843,False
970.0,7.0,3.0,4.0,2895.0,0.011267605633802818,-0.0015748031496062992,False
996.0,7.0,3.0,4.0,2895.0,0.010498687664041995,-0.0015910898965791568,False
1032.0,7.0,3.0,4.0,2895.0,0.009592326139088728,-0.0016142050040355124,False
1039.0,7.0,3.0,4.0,2895.0,0.009433962264150943,-0.0016187778227438284,False
1047.0,7.0,3.0,4.0,2895.0,0.009259259259259259,-0.0016240357287860333,False
1049.0,7.0,3.0,4.0,2895.0,0.009216589861751152,-0.0016253555465258025,False
1051.0,7.0,3.0,4.0,2895.0,0.009174311926605505,-0.0016266775111834079,False
1060.0,7.0,3.0,4.0,2895.0,0.008988764044943821,-0.0016326530612244899,False
1070.0,7.0,3.0,4.0,2895.0,0.008791208791208791,-0.001639344262295082,False
1075.0,7.0,3.0,4.0,2895.0,0.008695652173913044,-0.0016427104722792608,False
1084.0,7.0,3.0,4.0,2895.0,0.008528784648187633,-0.0016488046166529267,False
1088.0,7.0,3.0,4.0,2895.0,0.008456659619450317,-0.0016515276630883566,False
1090.0,7.0,3.0,4.0,2895.0,0.008421052631578947,-0.001652892561983471,False
1094.0,7.0,3.0,4.0,2895.0,0.008350730688935281,-0.0016556291390728477,False
1097.0,7.0,3.0,4.0,2895.0,0.008298755186721992,-0.0016576875259013675,False
1101.0,7.0,3.0,4.0,2895.0,0.00823045267489712,-0.0016604400166044002,False
1105.0,7.0,3.0,4.0,2895.0,0.00816326530612245,-0.0016632016632016633,False
1111.0,7.0,3.0,4.0,2895.0,0.008064516129032258,-0.0016673614005835765,False
1115.0,7.0,3.0,4.0,2895.0,0.008,-0.0016701461377870565,False
1122.0,7.0,3.0,4.0,2895.0,0.007889546351084813,-0.0016750418760469012,False
1127.0,7.0,3.0,4.0,2895.0,0.0078125,-0.001678556441460344,False
1130.0,7.0,3.0,4.0,2895.0,0.007766990291262136,-0.0016806722689075631,False
1136.0,7.0,3.0,4.0,2895.0,0.007677543186180422,-0.0016849199663016006,False
1140.0,7.0,3.0,4.0,2895.0,0.007619047619047619,-0.0016877637130801688,False
1144.0,7.0,3.0,4.0,2895.0,0.007561436672967864,-0.0016906170752324597,False
1146.0,7.0,3.0,4.0,2895.0,0.007532956685499058,-0.001692047377326565,False
1149.0,7.0,3.0,4.0,2895.0,0.00749063670411985,-0.0016941973739940702,False
1157.0,7.0,3.0,4.0,2895.0,0.007380073800738007,-0.0016999575010624734,False
1160.0,7.0,3.0,4.0,2895.0,0.007339449541284404,-0.001702127659574468,False
1162.0,7.0,3.0,4.0,2895.0,0.007312614259597806,-0.0017035775127768314,False
1169.0,7.0,3.0,4.0,2895.0,0.007220216606498195,-0.0017086715079026058,False
1173.0,7.0,3.0,4.0,2895.0,0.007168458781362007,-0.0017115960633290544,False
1176.0,7.0,3.0,4.0,2895.0,0.0071301247771836,-0.001713796058269066,False
1179.0,7.0,3.0,4.0,2895.0,0.0070921985815602835,-0.001716001716001716,False
1181.0,7.0,3.0,4.0,2895.0,0.007067137809187279,-0.0017174753112924003,False
1182.0,7.0,3.0,4.0,2895.0,0.007054673721340388,-0.001718213058419244,False
1186.0,7.0,3.0,4.0,2895.0,0.0070052539404553416,-0.0017211703958691911,False
1189.0,7.0,3.0,4.0,2895.0,0.006968641114982578,-0.0017233950883239983,False
1193.0,7.0,3.0,4.0,2895.0,0.006920415224913495,-0.0017263703064307294,False
1198.0,7.0,3.0,4.0,2895.0,0.00686106346483705,-0.0017301038062283738,False
1202.0,7.0,3.0,4.0,2895.0,0.0068143100511073255,-0.0017331022530329288,False
1205.0,7.0,3.0,4.0,2895.0,0.006779661016949152,-0.0017353579175704988,False
1208.0,7.0,3.0,4.0,2895.0,0.006745362563237774,-0.0017376194613379669,False
1213.0,7.0,3.0,4.0,2895.0,0.006688963210702341,-0.0017414018284719198,False
1217.0,7.0,3.0,4.0,2895.0,0.006644518272425249,-0.0017444395987788923,False
1219.0,7.0,3.0,4.0,2895.0,0.006622516556291391,-0.001745962461807071,False
1221.0,7.0,3.0,4.0,2895.0,0.006600660066006601,-0.0017474879860200961,False
1225.0,7.0,3.0,4.0,2895.0,0.006557377049180328,-0.00175054704595186,False
1229.0,7.0,3.0,4.0,2895.0,0.006514657980456026,-0.0017536168347216134,False
1235.0,7.0,3.0,4.0,2895.0,0.0064516129032258064,-0.0017582417582417582,False
1238.0,7.0,3.0,4.0,2895.0,0.006420545746388443,-0.0017605633802816902,False
1240.0,7.0,3.0,4.0,2895.0,0.0064,-0.001762114537444934,False
1241.0,7.0,3.0,4.0,2895.0,0.006389776357827476,-0.0017628911414720142,False
1244.0,7.0,3.0,4.0,2895.0,0.006359300476947536,-0.00176522506619594,False
1247.0,7.0,3.0,4.0,2895.0,0.006329113924050633,-0.0017675651789659744,False
1250.0,7.0,3.0,4.0,2895.0,0.006299212598425197,-0.0017699115044247787,False
1255.0,7.0,3.0,4.0,2895.0,0.00625,-0.0017738359201773836,False
1258.0,7.0,3.0,4.0,2895.0,0.006220839813374806,-0.0017761989342806395,False
1262.0,7.0,3.0,4.0,2895.0,0.0061823802163833074,-0.0017793594306049821,False
1266.0,7.0,3.0,4.0,2895.0,0.006144393241167435,-0.0017825311942959,False
1274.0,7.0,3.0,4.0,2895.0,0.006069802731411229,-0.0017889087656529517,False
1276.0,7.0,3.0,4.0,2895.0,0.006051437216338881,-0.0017905102954341987,False
1281.0,7.0,3.0,4.0,2895.0,0.006006006006006006,-0.001794526693584567,False
1286.0,7.0,3.0,4.0,2895.0,0.005961251862891207,-0.0017985611510791368,False
1290.0,7.0,3.0,4.0,2895.0,0.005925925925925926,-0.0018018018018018018,False
1295.0,7.0,3.0,4.0,2895.0,0.0058823529411764705,-0.0018058690744920992,False
1298.0,7.0,3.0,4.0,2895.0,0.005856515373352855,-0.0018083182640144665,False
1300.0,7.0,3.0,4.0,2895.0,0.00583941605839416,-0.0018099547511312218,False
1303.0,7.0,3.0,4.0,2895.0,0.005813953488372093,-0.0018124150430448573,False
1308.0,7.0,3.0,4.0,2895.0,0.005772005772005772,-0.0018165304268846503,False
1310.0,7.0,3.0,4.0,2895.0,0.0057553956834532375,-0.0018181818181818182,False
1316.0,7.0,3.0,4.0,2895.0,0.005706134094151213,-0.0018231540565177757,False
1320.0,7.0,3.0,4.0,2895.0,0.005673758865248227,-0.0018264840182648401,False
1325.0,7.0,3.0,4.0,2895.0,0.005633802816901409,-0.0018306636155606408,False
1331.0,7.0,3.0,4.0,2895.0,0.00558659217877095,-0.0018357044515832951,False
1332.0,7.0,3.0,4.0,2895.0,0.005578800557880056,-0.0018365472910927456,False
1336.0,7.0,3.0,4.0,2895.0,0.005547850208044383,-0.0018399264029438822,False
1340.0,7.0,3.0,4.0,2895.0,0.005517241379310344,-0.0018433179723502304,False
1344.0,7.0,3.0,4.0,2895.0,0.0054869684499314125,-0.0018467220683287165,False
1347.0,7.0,3.0,4.0,2895.0,0.00546448087431694,-0.0018492834026814608,False
1356.0,7.0,3.0,4.0,2895.0,0.005398110661268556,-0.0018570102135561746,False
1358.0,7.0,3.0,4.0,2895.0,0.005383580080753701,-0.0018587360594795538,False
1360.0,7.0,3.0,4.0,2895.0,0.005369127516778523,-0.0018604651162790699,False
1364.0,7.0,3.0,4.0,2895.0,0.0053404539385847796,-0.001863932898415657,False
1367.0,7.0,3.0,4.0,2895.0,0.005319148936170213,-0.0018665422305179655,False
1368.0,7.0,3.0,4.0,2895.0,0.005312084993359893,-0.0018674136321195146,False
1372.0,7.0,3.0,4.0,2895.0,0.005284015852047556,-0.0018709073900841909,False
1378.0,7.0,3.0,4.0,2895.0,0.005242463958060288,-0.001876172607879925,False
1380.0,7.0,3.0,4.0,2895.0,0.00522875816993464,-0.0018779342723004694,False
1382.0,7.0,3.0,4.0,2895.0,0.005215123859191656,-0.0018796992481203006,False
1385.0,7.0,3.0,4.0,2895.0,0.005194805194805195,-0.0018823529411764706,False
1389.0,7.0,3.0,4.0,2895.0,0.00516795865633075,-0.001885902876001886,False
1390.0,7.0,3.0,4.0,2895.0,0.005161290322580645,-0.0018867924528301887,False
1394.0,7.0,3.0,4.0,2895.0,0.005134788189987163,-0.001890359168241966,False
1398.0,7.0,3.0,4.0,2895.0,0.005108556832694764,-0.001893939393939394,False
1402.0,7.0,3.0,4.0,2895.0,0.005082592121982211,-0.0018975332068311196,False
1411.0,7.0,3.0,4.0,2895.0,0.005025125628140704,-0.0019056693663649356,False
1417.0,7.0,3.0,4.0,2895.0,0.004987531172069825,-0.0019111323459149545,False
1420.0,7.0,3.0,4.0,2895.0,0.004968944099378882,-0.0019138755980861245,False
1423.0,7.0,3.0,4.0,2895.0,0.0049504950495049506,-0.0019166267369429804,False
1425.0,7.0,3.0,4.0,2895.0,0.0049382716049382715,-0.0019184652278177458,False
1429.0,7.0,3.0,4.0,2895.0,0.004914004914004914,-0.0019221528111484864,False
1431.0,7.0,3.0,4.0,2895.0,0.004901960784313725,-0.001924001924001924,False
1436.0,7.0,3.0,4.0,2895.0,0.0048721071863581,-0.0019286403085824494,False
1439.0,7.0,3.0,4.0,2895.0,0.0048543689320388345,-0.001931434089811685,False
1443.0,7.0,3.0,4.0,2895.0,0.004830917874396135,-0.0019351717464925011,False
1447.0,7.0,3.0,4.0,2895.0,0.004807692307692308,-0.0019389238972370335,False
1452.0,7.0,3.0,4.0,2895.0,0.0047789725209080045,-0.001943634596695821,False
1457.0,7.0,3.0,4.0,2895.0,0.004750593824228029,-0.001948368241597662,False
1460.0,7.0,3.0,4.0,2895.0,0.004733727810650888,-0.001951219512195122,False
1467.0,7.0,3.0,4.0,2895.0,0.004694835680751174,-0.0019579050416054823,False
1471.0,7.0,3.0,4.0,2895.0,0.004672897196261682,-0.00196174595389897,False
1472.0,7.0,3.0,4.0,2895.0,0.004667444574095682,-0.001962708537782139,False
1475.0,7.0,3.0,4.0,2895.0,0.004651162790697674,-0.0019656019656019656,False
1479.0,7.0,3.0,4.0,2895.0,0.004629629629629629,-0.0019694731659281144,False
1482.0,7.0,3.0,4.0,2895.0,0.00461361014994233,-0.0019723865877712033,False
1483.0,7.0,3.0,4.0,2895.0,0.004608294930875576,-0.001973359644795264,False
1486.0,7.0,3.0,4.0,2895.0,0.004592422502870264,-0.001976284584980237,False
1495.0,7.0,3.0,4.0,2895.0,0.004545454545454545,-0.0019851116625310174,False
1507.0,7.0,3.0,4.0,2895.0,0.004484304932735426,-0.00199700449326011,False
1517.0,7.0,3.0,4.0,2895.0,0.004434589800443459,-0.002007024586051179,False
1520.0,7.0,3.0,4.0,2895.0,0.004419889502762431,-0.0020100502512562816,False
1524.0,7.0,3.0,4.0,2895.0,0.0044004400440044,-0.002014098690835851,False
1528.0,7.0,3.0,4.0,2895.0,0.004381161007667032,-0.0020181634712411706,False
1531.0,7.0,3.0,4.0,2895.0,0.004366812227074236,-0.00202122283981809,False
1537.0,7.0,3.0,4.0,2895.0,0.004338394793926247,-0.0020273694880892043,False
1540.0,7.0,3.0,4.0,2895.0,0.004324324324324324,-0.0020304568527918783,False
1544.0,7.0,3.0,4.0,2895.0,0.004305705059203444,-0.002034587995930824,False
1552.0,7.0,3.0,4.0,2895.0,0.004268943436499467,-0.0020429009193054137,False
1561.0,7.0,3.0,4.0,2895.0,0.004228329809725159,-0.002052334530528476,False
1570.0,7.0,3.0,4.0,2895.0,0.004188481675392671,-0.002061855670103093,False
1575.0,7.0,3.0,4.0,2895.0,0.004166666666666667,-0.0020671834625322996,False
1581.0,7.0,3.0,4.0,2895.0,0.004140786749482402,-0.002073613271124935,False
1583.0,7.0,3.0,4.0,2895.0,0.004132231404958678,-0.0020757654385054488,False
1586.0,7.0,3.0,4.0,2895.0,0.004119464469618949,-0.002079002079002079,False
1591.0,7.0,3.0,4.0,2895.0,0.004098360655737705,-0.0020844189682126106,False
1594.0,7.0,3.0,4.0,2895.0,0.0040858018386108275,-0.0020876826722338203,False
1597.0,7.0,3.0,4.0,2895.0,0.004073319755600814,-0.0020909566126502874,False
1600.0,7.0,3.0,4.0,2895.0,0.0040609137055837565,-0.0020942408376963353,False
1604.0,7.0,3.0,4.0,2895.0,0.004044489383215369,-0.002098635886673662,False
1607.0,7.0,3.0,4.0,2895.0,0.004032258064516129,-0.0021019442984760903,False
1611.0,7.0,3.0,4.0,2895.0,0.004016064257028112,-0.00210637177461822,False
1613.0,7.0,3.0,4.0,2895.0,0.004008016032064128,-0.0021085925144965737,False
1616.0,7.0,3.0,4.0,2895.0,0.003996003996003996,-0.0021119324181626186,False
1622.0,7.0,3.0,4.0,2895.0,0.003972194637537239,-0.00211864406779661,False
1625.0,7.0,3.0,4.0,2895.0,0.0039603960396039604,-0.002122015915119363,False
1629.0,7.0,3.0,4.0,2895.0,0.0039447731755424065,-0.002126528442317916,False
1644.0,7.0,3.0,4.0,2895.0,0.003887269193391642,-0.0021436227224008574,False
1656.0,7.0,3.0,4.0,2895.0,0.0038424591738712775,-0.002157497303128371,False
1666.0,7.0,3.0,4.0,2895.0,0.003805899143672693,-0.0021691973969631237,False
1680.0,7.0,3.0,4.0,2895.0,0.003755868544600939,-0.002185792349726776,False
1693.0,7.0,3.0,4.0,2895.0,0.0037105751391465678,-0.002201430930104568,False
1700.0,7.0,3.0,4.0,2895.0,0.003686635944700461,-0.0022099447513812156,False
1702.0,7.0,3.0,4.0,2895.0,0.0036798528058877645,-0.0022123893805309734,False
1708.0,7.0,3.0,4.0,2895.0,0.0036596523330283625,-0.0022197558268590455,False
1713.0,7.0,3.0,4.0,2895.0,0.0036429872495446266,-0.0022259321090706734,False
1721.0,7.0,3.0,4.0,2895.0,0.003616636528028933,-0.0022358859698155395,False
1732.0,7.0,3.0,4.0,2895.0,0.0035810205908683975,-0.0022497187851518562,False
1738.0,7.0,3.0,4.0,2895.0,0.003561887800534283,-0.002257336343115124,False
1742.0,7.0,3.0,4.0,2895.0,0.00354924578527063,-0.0022624434389140274,False
1755.0,7.0,3.0,4.0,2895.0,0.0035087719298245615,-0.002279202279202279,False
1767.0,7.0,3.0,4.0,2895.0,0.003472222222222222,-0.002294893861158921,False
1771.0,7.0,3.0,4.0,2895.0,0.0034602076124567475,-0.0023001725129384704,False
1781.0,7.0,3.0,4.0,2895.0,0.003430531732418525,-0.002313475997686524,False
1795.0,8.0,4.0,4.0,2795.0,0.0035366931918656055,-0.002403846153846154,False
1810.0,7.0,3.0,4.0,2895.0,0.0033472803347280333,-0.002352941176470588,False
1818.0,7.0,3.0,4.0,2895.0,0.0033250207813798837,-0.002364066193853428,False
1825.0,8.0,4.0,4.0,2795.0,0.0034453057708871662,-0.0024479804161566705,False
1839.0,8.0,4.0,4.0,2795.0,0.003404255319148936,-0.0024691358024691358,False
1848.0,8.0,4.0,4.0,2795.0,0.0033783783783783786,-0.002482929857231533,False
1857.0,8.0,4.0,4.0,2795.0,0.003352891869237217,-0.0024968789013732834,False
1892.0,8.0,4.0,4.0,2795.0,0.003257328990228013,-0.0025526483726866626,False
1921.0,8.0,4.0,4.0,2795.0,0.0031821797931583136,-0.002600780234070221,False
1924.0,8.0,4.0,4.0,2795.0,0.0031746031746031746,-0.0026058631921824105,False
1934.0,8.0,4.0,4.0,2795.0,0.0031496062992125984,-0.002622950819672131,False
1943.0,8.0,4.0,4.0,2795.0,0.003127443315089914,-0.002638522427440633,False
1956.0,8.0,4.0,4.0,2795.0,0.0030959752321981426,-0.0026613439787092482,False
1991.0,8.0,4.0,4.0,2795.0,0.003014318010550113,-0.0027247956403269754,False
1996.0,8.0,4.0,4.0,2795.0,0.003003003003003003,-0.002734107997265892,False
2010.0,8.0,4.0,4.0,2795.0,0.0029717682020802376,-0.0027605244996549345,False
2014.0,8.0,4.0,4.0,2795.0,0.002962962962962963,-0.002768166089965398,False
2015.0,8.0,4.0,4.0,2795.0,0.0029607698001480384,-0.002770083102493075,False
2025.0,8.0,4.0,4.0,2795.0,0.0029390154298310064,-0.002789400278940028,False
2026.0,8.0,4.0,4.0,2795.0,0.002936857562408223,-0.0027913468248429866,False
2028.0,8.0,4.0,4.0,2795.0,0.002932551319648094,-0.002795248078266946,False
2037.0,8.0,4.0,4.0,2795.0,0.0029133284777858705,-0.0028129395218002813,False
2046.0,8.0,4.0,4.0,2795.0,0.002894356005788712,-0.0028308563340410475,False
2050.0,8.0,4.0,4.0,2795.0,0.002886002886002886,-0.0028388928317956,False
2057.0,8.0,4.0,4.0,2795.0,0.002871500358937545,-0.0028530670470756064,False
2061.0,8.0,4.0,4.0,2795.0,0.002863278453829635,-0.002861230329041488,False
2067.0,8.0,4.0,4.0,2795.0,0.002851033499643621,-0.0028735632183908046,False
2071.0,8.0,4.0,4.0,2795.0,0.0028429282160625444,-0.002881844380403458,False
2075.0,8.0,4.0,4.0,2795.0,0.002834868887313962,-0.002890173410404624,False
2077.0,8.0,4.0,4.0,2795.0,0.0028308563340410475,-0.002894356005788712,False
2079.0,8.0,4.0,4.0,2795.0,0.0028268551236749115,-0.002898550724637681,False
2089.0,8.0,4.0,4.0,2795.0,0.002807017543859649,-0.00291970802919708,False
2092.0,8.0,4.0,4.0,2795.0,0.0028011204481792717,-0.002926115581565472,False
2096.0,8.0,4.0,4.0,2795.0,0.002793296089385475,-0.00293470286133529,False
2099.0,8.0,4.0,4.0,2795.0,0.0027874564459930314,-0.0029411764705882353,False
2102.0,8.0,4.0,4.0,2795.0,0.0027816411682892906,-0.0029476787030213707,False
2107.0,8.0,4.0,4.0,2795.0,0.002772002772002772,-0.0029585798816568047,False
2112.0,8.0,4.0,4.0,2795.0,0.0027624309392265192,-0.002969561989606533,False
2116.0,8.0,4.0,4.0,2795.0,0.0027548209366391185,-0.0029784065524944155,False
2119.0,8.0,4.0,4.0,2795.0,0.0027491408934707906,-0.0029850746268656717,False
2126.0,8.0,4.0,4.0,2795.0,0.0027359781121751026,-0.003000750187546887,False
2130.0,8.0,4.0,4.0,2795.0,0.002728512960436562,-0.0030097817908201654,False
2134.0,8.0,4.0,4.0,2795.0,0.0027210884353741495,-0.0030188679245283017,False
2137.0,8.0,4.0,4.0,2795.0,0.0027155465037338763,-0.0030257186081694403,False
2142.0,8.0,4.0,4.0,2795.0,0.0027063599458728013,-0.0030372057706909645,False
2147.0,8.0,4.0,4.0,2795.0,0.0026972353337828725,-0.003048780487804878,False
2152.0,8.0,4.0,4.0,2795.0,0.002688172043010753,-0.00306044376434583,False
2154.0,8.0,4.0,4.0,2795.0,0.0026845637583892616,-0.0030651340996168583,False
2162.0,8.0,4.0,4.0,2795.0,0.0026702269692923898,-0.0030840400925212026,False
2170.0,8.0,4.0,4.0,2795.0,0.0026560424966799467,-0.0031031807602792862,False
2177.0,8.0,4.0,4.0,2795.0,0.0026437541308658294,-0.0031201248049922,False
2179.0,8.0,4.0,4.0,2795.0,0.0026402640264026403,-0.003125,False
2181.0,8.0,4.0,4.0,2795.0,0.0026367831245880024,-0.003129890453834116,False
2184.0,8.0,4.0,4.0,2795.0,0.002631578947368421,-0.003137254901960784,False
2188.0,8.0,4.0,4.0,2795.0,0.0026246719160104987,-0.003147128245476003,False
2194.0,8.0,4.0,4.0,2795.0,0.00261437908496732,-0.0031620553359683794,False
2202.0,8.0,4.0,4.0,2795.0,0.002600780234070221,-0.0031821797931583136,False
2212.0,8.0,4.0,4.0,2795.0,0.002583979328165375,-0.0032076984763432237,False
2222.0,8.0,4.0,4.0,2795.0,0.0025673940949935813,-0.0032336297493936943,False
2226.0,8.0,4.0,4.0,2795.0,0.002560819462227913,-0.0032441200324412004,False
2235.0,8.0,4.0,4.0,2795.0,0.002546148949713558,-0.0032679738562091504,False
2247.0,8.0,4.0,4.0,2795.0,0.002526847757422615,-0.0033003300330033004,False
2253.0,8.0,4.0,4.0,2795.0,0.0025173064820641915,-0.003316749585406302,False
2255.0,8.0,4.0,4.0,2795.0,0.00251414204902577,-0.0033222591362126247,False
2257.0,8.0,4.0,4.0,2795.0,0.0025109855618330196,-0.0033277870216306157,False
2259.0,8.0,4.0,4.0,2795.0,0.0025078369905956114,-0.0033333333333333335,False
2266.0,8.0,4.0,4.0,2795.0,0.0024968789013732834,-0.003352891869237217,False
2274.0,8.0,4.0,4.0,2795.0,0.002484472049689441,-0.0033755274261603376,False
2280.0,8.0,4.0,4.0,2795.0,0.0024752475247524753,-0.0033927056827820186,False
2282.0,8.0,4.0,4.0,2795.0,0.002472187886279357,-0.0033984706881903144,False
2283.0,8.0,4.0,4.0,2795.0,0.0024706609017912293,-0.003401360544217687,False
2286.0,8.0,4.0,4.0,2795.0,0.002466091245376079,-0.0034100596760443308,False
2290.0,8.0,4.0,4.0,2795.0,0.0024600246002460025,-0.003421727972626176,False
2293.0,8.0,4.0,4.0,2795.0,0.0024554941682013503,-0.003430531732418525,False
2297.0,8.0,4.0,4.0,2795.0,0.002449479485609308,-0.0034423407917383822,False
2300.0,8.0,4.0,4.0,2795.0,0.0024449877750611247,-0.003451251078515962,False
2305.0,8.0,4.0,4.0,2795.0,0.002437538086532602,-0.0034662045060658577,False
2307.0,8.0,4.0,4.0,2795.0,0.002434570906877663,-0.003472222222222222,False
2316.0,8.0,4.0,4.0,2795.0,0.002421307506053269,-0.003499562554680665,False
2320.0,8.0,4.0,4.0,2795.0,0.0024154589371980675,-0.003511852502194908,False
2323.0,8.0,4.0,4.0,2795.0,0.0024110910186859553,-0.0035211267605633804,False
2325.0,8.0,4.0,4.0,2795.0,0.002408187838651415,-0.003527336860670194,False
2329.0,8.0,4.0,4.0,2795.0,0.0024024024024024023,-0.0035398230088495575,False
2332.0,8.0,4.0,4.0,2795.0,0.002398081534772182,-0.00354924578527063,False
2336.0,8.0,4.0,4.0,2795.0,0.0023923444976076554,-0.003561887800534283,False
2340.0,8.0,4.0,4.0,2795.0,0.002386634844868735,-0.0035746201966041107,False
2343.0,8.0,4.0,4.0,2795.0,0.0023823704586063135,-0.0035842293906810036,False
2350.0,8.0,4.0,4.0,2795.0,0.002372479240806643,-0.0036068530207394047,False
2353.0,8.0,4.0,4.0,2795.0,0.002368265245707519,-0.003616636528028933,False
2356.0,8.0,4.0,4.0,2795.0,0.002364066193853428,-0.003626473254759746,False
2362.0,8.0,4.0,4.0,2795.0,0.002355712603062426,-0.0036463081130355514,False
2365.0,8.0,4.0,4.0,2795.0,0.0023515579071134627,-0.003656307129798903,False
2371.0,8.0,4.0,4.0,2795.0,0.0023432923257176333,-0.003676470588235294,False
2376.0,8.0,4.0,4.0,2795.0,0.002336448598130841,-0.003693444136657433,False
2382.0,8.0,4.0,4.0,2795.0,0.002328288707799767,-0.003714020427112349,False
2384.0,8.0,4.0,4.0,2795.0,0.002325581395348837,-0.0037209302325581397,False
2387.0,8.0,4.0,4.0,2795.0,0.0023215322112594312,-0.0037313432835820895,False
2394.0,8.0,4.0,4.0,2795.0,0.0023121387283236996,-0.003755868544600939,False
2399.0,8.0,4.0,4.0,2795.0,0.0023054755043227667,-0.0037735849056603774,False
2406.0,8.0,4.0,4.0,2795.0,0.002296211251435132,-0.003798670465337132,False
2411.0,8.0,4.0,4.0,2795.0,0.0022896393817973667,-0.003816793893129771,False
2418.0,8.0,4.0,4.0,2795.0,0.002280501710376283,-0.0038424591738712775,False
2421.0,8.0,4.0,4.0,2795.0,0.0022766078542970974,-0.0038535645472061657,False
2425.0,8.0,4.0,4.0,2795.0,0.002271436683702442,-0.0038684719535783366,False
2427.0,8.0,4.0,4.0,2795.0,0.0022688598979013048,-0.003875968992248062,False
2430.0,8.0,4.0,4.0,2795.0,0.0022650056625141564,-0.003887269193391642,False
2433.0,8.0,4.0,4.0,2795.0,0.0022611644997173543,-0.003898635477582846,False
2444.0,8.0,4.0,4.0,2795.0,0.0022471910112359553,-0.003940886699507389,False
2449.0,8.0,4.0,4.0,2795.0,0.002240896358543417,-0.0039603960396039604,False
2452.0,8.0,4.0,4.0,2795.0,0.0022371364653243847,-0.003972194637537239,False
2454.0,8.0,4.0,4.0,2795.0,0.0022346368715083797,-0.003980099502487562,False
2457.0,8.0,4.0,4.0,2795.0,0.002230897936419409,-0.003992015968063872,False
2462.0,8.0,4.0,4.0,2795.0,0.002224694104560623,-0.004012036108324975,False
2465.0,8.0,4.0,4.0,2795.0,0.002220988339811216,-0.004024144869215292,False
2473.0,8.0,4.0,4.0,2795.0,0.002211166390270868,-0.004056795131845842,False
2478.0,8.0,4.0,4.0,2795.0,0.002205071664829107,-0.004077471967380225,False
2480.0,8.0,4.0,4.0,2795.0,0.0022026431718061676,-0.0040858018386108275,False
2484.0,8.0,4.0,4.0,2795.0,0.002197802197802198,-0.0041025641025641026,False
2489.0,8.0,4.0,4.0,2795.0,0.002191780821917808,-0.004123711340206186,False
2495.0,8.0,4.0,4.0,2795.0,0.002184598580010923,-0.004149377593360996,False
2500.0,8.0,4.0,4.0,2795.0,0.002178649237472767,-0.004171011470281543,False
2502.0,8.0,4.0,4.0,2795.0,0.002176278563656148,-0.0041797283176593526,False
2505.0,8.0,4.0,4.0,2795.0,0.0021727322107550242,-0.0041928721174004195,False
2509.0,8.0,4.0,4.0,2795.0,0.002168021680216802,-0.004210526315789474,False
2513.0,8.0,4.0,4.0,2795.0,0.002163331530557058,-0.004228329809725159,False
2521.0,8.0,4.0,4.0,2795.0,0.002154011847065159,-0.0042643923240938165,False
2525.0,8.0,4.0,4.0,2795.0,0.0021493820526598604,-0.004282655246252677,False
2527.0,8.0,4.0,4.0,2795.0,0.0021470746108427268,-0.004291845493562232,False
2530.0,8.0,4.0,4.0,2795.0,0.0021436227224008574,-0.004305705059203444,False
2534.0,8.0,4.0,4.0,2795.0,0.0021390374331550803,-0.004324324324324324,False
2536.0,8.0,4.0,4.0,2795.0,0.002136752136752137,-0.004333694474539545,False
2542.0,8.0,4.0,4.0,2795.0,0.002129925452609159,-0.004362050163576881,False
2544.0,8.0,4.0,4.0,2795.0,0.002127659574468085,-0.004371584699453552,False
2552.0,8.0,4.0,4.0,2795.0,0.00211864406779661,-0.004410143329658214,False
2554.0,8.0,4.0,4.0,2795.0,0.0021164021164021165,-0.004419889502762431,False
2556.0,8.0,4.0,4.0,2795.0,0.0021141649048625794,-0.004429678848283499,False
2568.0,8.0,4.0,4.0,2795.0,0.0021008403361344537,-0.004489337822671156,False
2576.0,8.0,4.0,4.0,2795.0,0.0020920502092050207,-0.004530011325028313,False
2580.0,8.0,4.0,4.0,2795.0,0.0020876826722338203,-0.004550625711035267,False
2582.0,8.0,4.0,4.0,2795.0,0.0020855057351407717,-0.004561003420752566,False
2583.0,8.0,4.0,4.0,2795.0,0.0020844189682126106,-0.0045662100456621,False
2585.0,8.0,4.0,4.0,2795.0,0.002082248828735034,-0.004576659038901602,False
2588.0,8.0,4.0,4.0,2795.0,0.002079002079002079,-0.004592422502870264,False
2590.0,8.0,4.0,4.0,2795.0,0.0020768431983385254,-0.004602991944764097,False
2594.0,8.0,4.0,4.0,2795.0,0.002072538860103627,-0.004624277456647399,False
2603.0,8.0,4.0,4.0,2795.0,0.0020629190304280558,-0.004672897196261682,False
2607.0,8.0,4.0,4.0,2795.0,0.002058672156459084,-0.004694835680751174,False
2609.0,8.0,4.0,4.0,2795.0,0.002056555269922879,-0.004705882352941176,False
2611.0,8.0,4.0,4.0,2795.0,0.002054442732408834,-0.0047169811320754715,False
2614.0,8.0,4.0,4.0,2795.0,0.0020512820512820513,-0.004733727810650888,False
2616.0,8.0,4.0,4.0,2795.0,0.0020491803278688526,-0.004744958481613286,False
2619.0,8.0,4.0,4.0,2795.0,0.0020460358056265983,-0.004761904761904762,False
2629.0,8.0,4.0,4.0,2795.0,0.002035623409669211,-0.004819277108433735,False
2636.0,8.0,4.0,4.0,2795.0,0.002028397565922921,-0.004860267314702308,False
2641.0,8.0,4.0,4.0,2795.0,0.0020232675771370764,-0.004889975550122249,False
2650.0,8.0,4.0,4.0,2795.0,0.002014098690835851,-0.004944375772558714,False
2653.0,8.0,4.0,4.0,2795.0,0.002011060834590246,-0.004962779156327543,False
2655.0,8.0,4.0,4.0,2795.0,0.0020090406830738324,-0.004975124378109453,False
2658.0,8.0,4.0,4.0,2795.0,0.0020060180541624875,-0.004993757802746567,False
2663.0,8.0,4.0,4.0,2795.0,0.002001000500250125,-0.005025125628140704,False
2665.0,8.0,4.0,4.0,2795.0,0.001999000499750125,-0.005037783375314861,False
2667.0,8.0,4.0,4.0,2795.0,0.00199700449326011,-0.005050505050505051,False
2675.0,8.0,4.0,4.0,2795.0,0.001989060169070114,-0.00510204081632653,False
2677.0,8.0,4.0,4.0,2795.0,0.001987083954297069,-0.005115089514066497,False
2682.0,8.0,4.0,4.0,2795.0,0.0019821605550049554,-0.005148005148005148,False
2686.0,8.0,4.0,4.0,2795.0,0.0019782393669634025,-0.00517464424320828,False
2690.0,8.0,4.0,4.0,2795.0,0.0019743336623889436,-0.005201560468140442,False
2697.0,8.0,4.0,4.0,2795.0,0.001967535661583866,-0.005249343832020997,False
2701.0,8.0,4.0,4.0,2795.0,0.0019636720667648502,-0.005277044854881266,False
2708.0,8.0,4.0,4.0,2795.0,0.0019569471624266144,-0.005326231691078562,False
2712.0,8.0,4.0,4.0,2795.0,0.001953125,-0.00535475234270415,False
2718.0,8.0,4.0,4.0,2795.0,0.0019474196689386564,-0.005398110661268556,False
2722.0,8.0,4.0,4.0,2795.0,0.001943634596695821,-0.005427408412483039,False
2727.0,8.0,4.0,4.0,2795.0,0.0019389238972370335,-0.00546448087431694,False
2732.0,8.0,4.0,4.0,2795.0,0.0019342359767891683,-0.005502063273727648,False
2735.0,8.0,4.0,4.0,2795.0,0.001931434089811685,-0.0055248618784530384,False
2740.0,8.0,4.0,4.0,2795.0,0.0019267822736030828,-0.005563282336578581,False
2742.0,8.0,4.0,4.0,2795.0,0.0019249278152069298,-0.005578800557880056,False
2745.0,8.0,4.0,4.0,2795.0,0.0019221528111484864,-0.0056022408963585435,False
2747.0,8.0,4.0,4.0,2795.0,0.0019203072491598655,-0.0056179775280898875,False
2753.0,8.0,4.0,4.0,2795.0,0.0019147917663954045,-0.0056657223796034,False
2758.0,8.0,4.0,4.0,2795.0,0.0019102196752626551,-0.005706134094151213,False
2761.0,8.0,4.0,4.0,2795.0,0.0019074868860276585,-0.0057306590257879654,False
2767.0,8.0,4.0,4.0,2795.0,0.0019020446980504042,-0.005780346820809248,False
2774.0,8.0,4.0,4.0,2795.0,0.0018957345971563982,-0.00583941605839416,False
2782.0,8.0,4.0,4.0,2795.0,0.0018885741265344666,-0.005908419497784343,False
2791.0,8.0,4.0,4.0,2795.0,0.0018805829807240243,-0.005988023952095809,False
2795.0,8.0,4.0,4.0,2795.0,0.0018770530267480056,-0.006024096385542169,False
2802.0,8.0,4.0,4.0,2795.0,0.0018709073900841909,-0.0060882800608828,False
2809.0,8.0,4.0,4.0,2795.0,0.0018648018648018648,-0.006153846153846154,False
2813.0,8.0,4.0,4.0,2795.0,0.0018613308515588647,-0.006191950464396285,False
2818.0,8.0,4.0,4.0,2795.0,0.0018570102135561746,-0.0062402496099844,False
2831.0,8.0,4.0,4.0,2795.0,0.0018458698661744347,-0.006369426751592357,False
2847.0,8.0,4.0,4.0,2795.0,0.0018323408153916628,-0.006535947712418301,False
2861.0,8.0,4.0,4.0,2795.0,0.0018206645425580337,-0.006688963210702341,False
2876.0,8.0,4.0,4.0,2795.0,0.0018083182640144665,-0.00686106346483705,False
2883.0,8.0,4.0,4.0,2795.0,0.0018026137899954935,-0.006944444444444444,False
2887.0,8.0,4.0,4.0,2795.0,0.001799370220422852,-0.006993006993006993,False
2890.0,8.0,4.0,4.0,2795.0,0.0017969451931716084,-0.007029876977152899,False
2894.0,8.0,4.0,4.0,2795.0,0.0017937219730941704,-0.007079646017699115,False
2905.0,8.0,4.0,4.0,2795.0,0.00178491744756805,-0.007220216606498195,False
2929.0,8.0,4.0,4.0,2795.0,0.0017660044150110375,-0.007547169811320755,False
2953.0,8.0,4.0,4.0,2795.0,0.0017474879860200961,-0.007905138339920948,False
2967.0,8.0,4.0,4.0,2795.0,0.0017368649587494573,-0.008130081300813009,False
3008.0,8.0,4.0,4.0,2795.0,0.0017064846416382253,-0.008869179600886918,False
3043.0,8.0,4.0,4.0,2795.0,0.0016813787305590584,-0.009615384615384616,False
3050.0,8.0,4.0,4.0,2795.0,0.0016764459346186086,-0.009779951100244499,False
3099.0,8.0,4.0,4.0,2795.0,0.0016427104722792608,-0.011111111111111112,False
3144.0,8.0,4.0,4.0,2795.0,0.0016129032258064516,-0.012698412698412698,False
3189.0,8.0,4.0,4.0,2795.0,0.0015841584158415843,-0.014814814814814815,False
3236.0,8.0,4.0,4.0,2795.0,0.0015552099533437014,-0.017937219730941704,False
3243.0,8.0,4.0,4.0,2795.0,0.0015509887553315238,-0.018518518518518517,False
3249.0,8.0,4.0,4.0,2795.0,0.0015473887814313346,-0.01904761904761905,False
3255.0,8.0,4.0,4.0,2795.0,0.0015438054805094559,-0.0196078431372549,False
3259.0,8.0,4.0,4.0,2795.0,0.0015414258188824663,-0.02,False
3264.0,8.0,4.0,4.0,2795.0,0.0015384615384615385,-0.020512820512820513,False
3267.0,8.0,4.0,4.0,2795.0,0.001536688436419516,-0.020833333333333332,False
3269.0,8.0,4.0,4.0,2795.0,0.0015355086372360845,-0.021052631578947368,False
3273.0,8.0,4.0,4.0,2795.0,0.0015331544653123803,-0.021505376344086023,False
3278.0,8.0,4.0,4.0,2795.0,0.001530221882172915,-0.022099447513812154,False
3280.0,8.0,4.0,4.0,2795.0,0.0015290519877675841,-0.0223463687150838,False
3283.0,8.0,4.0,4.0,2795.0,0.0015273004963726614,-0.022727272727272728,False
3287.0,8.0,4.0,4.0,2795.0,0.0015249714067861228,-0.023255813953488372,False
3290.0,8.0,4.0,4.0,2795.0,0.0015232292460015233,-0.023668639053254437,False
3293.0,8.0,4.0,4.0,2795.0,0.0015214910612400153,-0.024096385542168676,False
3297.0,8.0,4.0,4.0,2795.0,0.0015191796429927839,-0.024691358024691357,False
3302.0,8.0,4.0,4.0,2795.0,0.001516300227445034,-0.025477707006369428,False
3305.0,8.0,4.0,4.0,2795.0,0.0015145778114350624,-0.025974025974025976,False
3316.0,8.0,4.0,4.0,2795.0,0.0015082956259426848,-0.027972027972027972,False
3339.0,7.0,3.0,4.0,2895.0,0.0014684287812041115,-0.023391812865497075,False
3347.0,7.0,3.0,4.0,2895.0,0.0014641288433382138,-0.024539877300613498,False
3350.0,7.0,3.0,4.0,2895.0,0.0014625228519195613,-0.025,False
3361.0,7.0,3.0,4.0,2895.0,0.0014566642388929353,-0.026845637583892617,False
3374.0,7.0,3.0,4.0,2895.0,0.0014498006524102935,-0.029411764705882353,False
3404.0,6.0,3.0,3.0,2895.0,0.0010756543564001434,-0.02830188679245283,False
3412.0,6.0,3.0,3.0,2895.0,0.0010725777618877368,-0.030612244897959183,False
3416.0,6.0,3.0,3.0,2895.0,0.0010710460549803642,-0.031914893617021274,False
3421.0,6.0,3.0,3.0,2895.0,0.0010691375623663579,-0.033707865168539325,False
3426.0,6.0,3.0,3.0,2895.0,0.0010672358591248667,-0.03571428571428571,False
3438.0,6.0,3.0,3.0,2895.0,0.0010626992561105207,-0.041666666666666664,False
3462.0,5.0,2.0,3.0,2958.0,0.00104675505931612,-0.03260869565217391,False
3473.0,5.0,2.0,3.0,2958.0,0.0010427528675703858,-0.037037037037037035,False
3476.0,5.0,2.0,3.0,2958.0,0.0010416666666666667,-0.038461538461538464,False
3477.0,5.0,2.0,3.0,2958.0,0.0010413051023950017,-0.03896103896103896,False
3488.0,5.0,2.0,3.0,2958.0,0.001037344398340249,-0.045454545454545456,False
4000.0,5.0,2.0,3.0,1127.0,0.07142857142857142,-0.0027649769585253456,False
4005.0,5.0,2.0,3.0,1127.0,0.06382978723404255,-0.002777777777777778,False
4009.0,5.0,2.0,3.0,1127.0,0.058823529411764705,-0.0027881040892193307,False
4022.0,6.0,3.0,3.0,1078.0,0.09090909090909091,-0.0028708133971291866,False
4026.0,6.0,3.0,3.0,1078.0,0.08108108108108109,-0.002881844380403458,False
4055.0,7.0,3.0,4.0,1078.0,0.06060606060606061,-0.003952569169960474,False
4058.0,7.0,3.0,4.0,1078.0,0.057971014492753624,-0.003964321110009911,False
4059.0,7.0,3.0,4.0,1078.0,0.05714285714285714,-0.003968253968253968,False
4061.0,7.0,3.0,4.0,1078.0,0.05555555555555555,-0.003976143141153081,False
4063.0,7.0,3.0,4.0,1078.0,0.05405405405405406,-0.00398406374501992,False
4067.0,7.0,3.0,4.0,1078.0,0.05128205128205128,-0.004,False
4081.0,8.0,4.0,4.0,1038.0,0.057971014492753624,-0.0041279669762641896,False
4091.0,8.0,4.0,4.0,1038.0,0.05063291139240506,-0.004171011470281543,False
4093.0,8.0,4.0,4.0,1038.0,0.04938271604938271,-0.0041797283176593526,False
4098.0,8.0,4.0,4.0,1038.0,0.046511627906976744,-0.004201680672268907,False
4100.0,8.0,4.0,4.0,1038.0,0.045454545454545456,-0.004210526315789474,False
4105.0,8.0,4.0,4.0,1038.0,0.043010752688172046,-0.004232804232804233,False
4110.0,8.0,4.0,4.0,1038.0,0.04081632653061224,-0.00425531914893617,False
4114.0,8.0,4.0,4.0,1038.0,0.0392156862745098,-0.004273504273504274,False
4128.0,8.0,4.0,4.0,1038.0,0.034482758620689655,-0.004338394793926247,False
4151.0,8.0,4.0,4.0,1038.0,0.02877697841726619,-0.004449388209121246,False
4176.0,8.0,4.0,4.0,1038.0,0.024390243902439025,-0.004576659038901602,False
4210.0,8.0,4.0,4.0,1038.0,0.020202020202020204,-0.004761904761904762,False
4262.0,9.0,4.0,5.0,1038.0,0.02,-0.006345177664974619,False
4346.0,8.0,4.0,4.0,1038.0,0.011976047904191617,-0.005681818181818182,False
4442.0,8.0,4.0,4.0,1038.0,0.009302325581395349,-0.006578947368421052,False
4494.0,8.0,4.0,4.0,1038.0,0.008298755186721992,-0.007194244604316547,False
4518.0,9.0,4.0,5.0,1038.0,0.009881422924901186,-0.009398496240601503,False
4588.0,9.0,4.0,5.0,1038.0,0.008680555555555556,-0.010822510822510822,False
4592.0,9.0,4.0,5.0,1038.0,0.008620689655172414,-0.010917030567685589,False
4621.0,9.0,4.0,5.0,1038.0,0.008210180623973728,-0.011655011655011656,False
4855.0,8.0,4.0,4.0,1038.0,0.004744958481613286,-0.020512820512820513,False
4934.0,8.0,4.0,4.0,1038.0,0.004338394793926247,-0.034482758620689655,False
4938.0,8.0,4.0,4.0,1038.0,0.004319654427645789,-0.03571428571428571,False
4942.0,8.0,4.0,4.0,1038.0,0.004301075268817204,-0.037037037037037035,False
4951.0,8.0,4.0,4.0,1038.0,0.004259850905218318,-0.04040404040404041,False
4969.0,8.0,4.0,4.0,1038.0,0.0041797283176593526,-0.04938271604938271,False
4980.0,8.0,4.0,4.0,1038.0,0.004132231404958678,-0.05714285714285714,False
4986.0,8.0,4.0,4.0,1038.0,0.004106776180698152,-0.0625,False
4990.0,8.0,4.0,4.0,1038.0,0.00408997955010225,-0.06666666666666667,False
4996.0,8.0,4.0,4.0,1038.0,0.0040650406504065045,-0.07407407407407407,False
4999.0,8.0,4.0,4.0,1038.0,0.004052684903748734,-0.0784313725490196,False
5002.0,8.0,4.0,4.0,1038.0,0.00404040404040404,-0.08333333333333333,False
5021.0,7.0,3.0,4.0,1078.0,0.003875968992248062,-0.08695652173913043,False
5033.0,6.0,3.0,3.0,1078.0,0.0028735632183908046,-0.08823529411764706,False
5037.0,6.0,3.0,3.0,1078.0,0.0028625954198473282,-0.1,False
5050.0,5.0,2.0,3.0,1127.0,0.0027472527472527475,-0.08571428571428572,False
5054.0,5.0,2.0,3.0,1127.0,0.002737226277372263,-0.0967741935483871,False
5059.0,5.0,2.0,3.0,1127.0,0.0027247956403269754,-0.11538461538461539,False
9698.0,5.0,2.0,3.0,2219.0,0.13043478260869565,-0.001366120218579235,False
9753.0,18.0,9.0,9.0,2071.0,0.2647058823529412,-0.004418262150220913,False
9755.0,18.0,9.0,9.0,2071.0,0.25,-0.004422604422604423,False
9765.0,19.0,9.0,10.0,2071.0,0.21739130434782608,-0.0049382716049382715,False
9775.0,21.0,10.0,11.0,2057.0,0.21568627450980393,-0.005483549351944167,False
9823.0,31.0,15.0,16.0,1993.0,0.1951219512195122,-0.00837257980115123,False
9839.0,34.0,17.0,17.0,1951.0,0.2073170731707317,-0.00909577314071696,False
9879.0,42.0,21.0,21.0,1899.0,0.21212121212121213,-0.011666666666666667,False
9912.0,45.0,22.0,23.0,1886.0,0.1796875,-0.013083048919226393,False
9924.0,47.0,23.0,24.0,1881.0,0.17518248175182483,-0.013761467889908258,False
9960.0,49.0,24.0,25.0,1866.0,0.1497005988023952,-0.014714537963507945,False
9965.0,49.0,24.0,25.0,1866.0,0.14534883720930233,-0.01475796930342385,False
9968.0,49.0,24.0,25.0,1866.0,0.14285714285714285,-0.01478415138971023,False
9987.0,49.0,24.0,25.0,1866.0,0.12886597938144329,-0.014952153110047847,False
10005.0,49.0,24.0,25.0,1866.0,0.1179245283018868,-0.015114873035066506,False
10010.0,49.0,24.0,25.0,1866.0,0.1152073732718894,-0.015160703456640388,False
10014.0,49.0,24.0,25.0,1866.0,0.11312217194570136,-0.015197568389057751,False
10020.0,49.0,24.0,25.0,1866.0,0.11013215859030837,-0.01525320317266626,False
10028.0,49.0,24.0,25.0,1866.0,0.10638297872340426,-0.015328019619865114,False
10032.0,49.0,24.0,25.0,1866.0,0.10460251046025104,-0.015365703749231715,False
10036.0,49.0,24.0,25.0,1866.0,0.102880658436214,-0.015403573629081947,False
10042.0,49.0,24.0,25.0,1866.0,0.10040160642570281,-0.015460729746444033,False
10046.0,49.0,24.0,25.0,1866.0,0.09881422924901186,-0.015499070055796652,False
10055.0,49.0,24.0,25.0,1866.0,0.09541984732824428,-0.015586034912718205,False
10066.0,49.0,24.0,25.0,1866.0,0.09157509157509157,-0.015693659761456372,False
10070.0,49.0,24.0,25.0,1866.0,0.09025270758122744,-0.015733165512901194,False
10079.0,49.0,24.0,25.0,1866.0,0.08741258741258741,-0.015822784810126583,False
10097.0,49.0,24.0,25.0,1866.0,0.08223684210526316,-0.016005121638924456,False
10138.0,49.0,24.0,25.0,1866.0,0.07246376811594203,-0.01643655489809336,False
10175.0,49.0,24.0,25.0,1866.0,0.06544502617801047,-0.016846361185983826,False
10203.0,49.0,24.0,25.0,1866.0,0.06097560975609756,-0.017170329670329672,False
10323.0,48.0,24.0,24.0,1866.0,0.045283018867924525,-0.017964071856287425,False
10332.0,48.0,24.0,24.0,1866.0,0.04452690166975881,-0.01808590806330068,False
10337.0,48.0,24.0,24.0,1866.0,0.04411764705882353,-0.018154311649016642,False
10339.0,48.0,24.0,24.0,1866.0,0.04395604395604396,-0.01818181818181818,False
10341.0,48.0,24.0,24.0,1866.0,0.043795620437956206,-0.018209408194233688,False
10343.0,48.0,24.0,24.0,1866.0,0.04363636363636364,-0.0182370820668693,False
10349.0,48.0,24.0,24.0,1866.0,0.04316546762589928,-0.0183206106870229,False
10358.0,48.0,24.0,24.0,1866.0,0.04247787610619469,-0.018447348193697154,False
10437.0,49.0,24.0,25.0,1866.0,0.03881987577639751,-0.020458265139116204,False
10457.0,49.0,24.0,25.0,1866.0,0.03765060240963856,-0.020798668885191347,False
10465.0,49.0,24.0,25.0,1866.0,0.03720238095238095,-0.020938023450586266,False
10467.0,49.0,24.0,25.0,1866.0,0.037091988130563795,-0.02097315436241611,False
10470.0,49.0,24.0,25.0,1866.0,0.03692762186115214,-0.021026072329688814,False
10499.0,49.0,24.0,25.0,1866.0,0.03541076487252125,-0.021551724137931036,False
10504.0,49.0,24.0,25.0,1866.0,0.035161744022503515,-0.021645021645021644,False
10510.0,49.0,24.0,25.0,1866.0,0.03486750348675035,-0.02175805047867711,False
10514.0,49.0,24.0,25.0,1866.0,0.03467406380027739,-0.021834061135371178,False
10517.0,49.0,24.0,25.0,1866.0,0.034530386740331494,-0.021891418563922942,False
10525.0,49.0,24.0,25.0,1866.0,0.03415300546448088,-0.02204585537918871,False
10533.0,49.0,24.0,25.0,1866.0,0.033783783783783786,-0.022202486678507993,False
10537.0,49.0,24.0,25.0,1866.0,0.033602150537634407,-0.022281639928698752,False
10542.0,49.0,24.0,25.0,1866.0,0.03337783711615487,-0.022381378692927483,False
10547.0,49.0,24.0,25.0,1866.0,0.033156498673740056,-0.022482014388489208,False
10549.0,49.0,24.0,25.0,1866.0,0.03306878306878307,-0.02252252252252252,False
10553.0,49.0,24.0,25.0,1866.0,0.03289473684210526,-0.022603978300180832,False
10559.0,49.0,24.0,25.0,1866.0,0.03263707571801567,-0.022727272727272728,False
10565.0,49.0,24.0,25.0,1866.0,0.03238341968911917,-0.022851919561243144,False
10570.0,49.0,24.0,25.0,1866.0,0.032175032175032175,-0.02295684113865932,False
10578.0,49.0,24.0,25.0,1866.0,0.03184713375796178,-0.02312673450508788,False
10600.0,50.0,25.0,25.0,1859.0,0.031055900621118012,-0.023719165085388995,False
10633.0,50.0,25.0,25.0,1859.0,0.029832935560859187,-0.024485798237022526,False
10640.0,50.0,25.0,25.0,1859.0,0.029585798816568046,-0.02465483234714004,False
10644.0,50.0,25.0,25.0,1859.0,0.02944640753828033,-0.024752475247524754,False
10706.0,49.0,24.0,25.0,1866.0,0.027382256297918947,-0.026232948583420776,False
10708.0,49.0,24.0,25.0,1866.0,0.0273224043715847,-0.026288117770767613,False
10712.0,49.0,24.0,25.0,1866.0,0.02720348204570185,-0.026399155227032733,False
10715.0,49.0,24.0,25.0,1866.0,0.027114967462039046,-0.026483050847457626,False
10720.0,49.0,24.0,25.0,1866.0,0.02696871628910464,-0.026624068157614485,False
10722.0,49.0,24.0,25.0,1866.0,0.02691065662002153,-0.026680896478121666,False
10729.0,49.0,24.0,25.0,1866.0,0.026709401709401708,-0.026881720430107527,False
10732.0,49.0,24.0,25.0,1866.0,0.026624068157614485,-0.02696871628910464,False
10791.0,48.0,24.0,24.0,1866.0,0.02404809619238477,-0.027649769585253458,False
10798.0,48.0,24.0,24.0,1866.0,0.023880597014925373,-0.027874564459930314,False
10801.0,48.0,24.0,24.0,1866.0,0.023809523809523808,-0.027972027972027972,False
10806.0,48.0,24.0,24.0,1866.0,0.023692003948667325,-0.02813599062133646,False
10814.0,48.0,24.0,24.0,1866.0,0.023506366307541625,-0.028402366863905324,False
10843.0,47.0,23.0,24.0,1881.0,0.022727272727272728,-0.02909090909090909,False
10852.0,47.0,23.0,24.0,1881.0,0.022535211267605635,-0.029411764705882353,False
10859.0,47.0,23.0,24.0,1881.0,0.022388059701492536,-0.029666254635352288,False
10863.0,47.0,23.0,24.0,1881.0,0.022304832713754646,-0.02981366459627329,False
10868.0,47.0,23.0,24.0,1881.0,0.022201665124884366,-0.03,False
10874.0,47.0,23.0,24.0,1881.0,0.02207911683532659,-0.030226700251889168,False
10878.0,47.0,23.0,24.0,1881.0,0.021998166819431713,-0.030379746835443037,False
10884.0,47.0,23.0,24.0,1881.0,0.02187784867821331,-0.030612244897959183,False
10895.0,47.0,23.0,24.0,1881.0,0.021660649819494584,-0.031047865459249677,False
10897.0,47.0,23.0,24.0,1881.0,0.021621621621621623,-0.0311284046692607,False
10943.0,47.0,23.0,24.0,1881.0,0.020761245674740483,-0.03310344827586207,False
10995.0,46.0,23.0,23.0,1881.0,0.01903973509933775,-0.03417533432392273,False
11012.0,46.0,23.0,23.0,1881.0,0.018775510204081632,-0.0350609756097561,False
11031.0,46.0,23.0,23.0,1881.0,0.018488745980707395,-0.03610675039246468,False
11036.0,46.0,23.0,23.0,1881.0,0.018414731785428344,-0.03639240506329114,False
11039.0,46.0,23.0,23.0,1881.0,0.018370607028753993,-0.03656597774244833,False
11044.0,46.0,23.0,23.0,1881.0,0.018297533810660304,-0.03685897435897436,False
11051.0,46.0,23.0,23.0,1881.0,0.01819620253164557,-0.03727714748784441,False
11056.0,46.0,23.0,23.0,1881.0,0.018124507486209612,-0.03758169934640523,False
11059.0,46.0,23.0,23.0,1881.0,0.018081761006289308,-0.03776683087027915,False
11062.0,46.0,23.0,23.0,1881.0,0.01803921568627451,-0.037953795379537955,False
11065.0,46.0,23.0,23.0,1881.0,0.017996870109546165,-0.03814262023217247,False
11099.0,46.0,23.0,23.0,1881.0,0.01753048780487805,-0.040421792618629174,False
11107.0,46.0,23.0,23.0,1881.0,0.017424242424242425,-0.040998217468805706,False
11126.0,46.0,23.0,23.0,1881.0,0.01717699775952203,-0.042435424354243544,False
11128.0,46.0,23.0,23.0,1881.0,0.01715137956748695,-0.04259259259259259,False
11131.0,46.0,23.0,23.0,1881.0,0.01711309523809524,-0.04283054003724395,False
11137.0,46.0,23.0,23.0,1881.0,0.017037037037037038,-0.04331450094161959,False
11146.0,46.0,23.0,23.0,1881.0,0.01692420897718911,-0.044061302681992334,False
11154.0,46.0,23.0,23.0,1881.0,0.016825164594001463,-0.04474708171206226,False
11163.0,46.0,23.0,23.0,1881.0,0.016715116279069766,-0.04554455445544554,False
11170.0,46.0,23.0,23.0,1881.0,0.016630513376717282,-0.04618473895582329,False
11174.0,46.0,23.0,23.0,1881.0,0.01658255227108868,-0.0465587044534413,False
11179.0,46.0,23.0,23.0,1881.0,0.016522988505747127,-0.04703476482617587,False
11185.0,46.0,23.0,23.0,1881.0,0.016452074391988557,-0.047619047619047616,False
11190.0,46.0,23.0,23.0,1881.0,0.01639344262295082,-0.04811715481171548,False
11193.0,46.0,23.0,23.0,1881.0,0.016358463726884778,-0.04842105263157895,False
11196.0,46.0,23.0,23.0,1881.0,0.016323633782824698,-0.048728813559322036,False
11198.0,46.0,23.0,23.0,1881.0,0.01630049610205528,-0.04893617021276596,False
11200.0,46.0,23.0,23.0,1881.0,0.01627742392073602,-0.049145299145299144,False
11203.0,46.0,23.0,23.0,1881.0,0.016242937853107344,-0.04946236559139785,False
11206.0,46.0,23.0,23.0,1881.0,0.01620859760394644,-0.049783549783549784,False
11209.0,46.0,23.0,23.0,1881.0,0.01617440225035162,-0.05010893246187364,False
11213.0,46.0,23.0,23.0,1881.0,0.016129032258064516,-0.05054945054945055,False
11217.0,46.0,23.0,23.0,1881.0,0.016083916083916083,-0.050997782705099776,False
11219.0,46.0,23.0,23.0,1881.0,0.01606145251396648,-0.051224944320712694,False
11229.0,46.0,23.0,23.0,1881.0,0.0159500693481276,-0.05239179954441914,False
11239.0,46.0,23.0,23.0,1881.0,0.01584022038567493,-0.053613053613053616,False
11281.0,45.0,22.0,23.0,1886.0,0.015364061456245824,-0.05912596401028278,False
11289.0,45.0,22.0,23.0,1886.0,0.015282392026578074,-0.06036745406824147,False
11297.0,45.0,22.0,23.0,1886.0,0.01520158625247852,-0.06166219839142091,False
11303.0,45.0,22.0,23.0,1886.0,0.015141540487162607,-0.06267029972752043,False
11399.0,44.0,22.0,22.0,1886.0,0.013622291021671827,-0.08118081180811808,False
11401.0,44.0,22.0,22.0,1886.0,0.013605442176870748,-0.08178438661710037,False
11450.0,42.0,21.0,21.0,1899.0,0.012574850299401197,-0.09170305676855896,False
11457.0,42.0,21.0,21.0,1899.0,0.012522361359570662,-0.0945945945945946,False
11460.0,42.0,21.0,21.0,1899.0,0.0125,-0.0958904109589041,False
11478.0,41.0,20.0,21.0,1910.0,0.012338425381903642,-0.10096153846153846,False
11481.0,41.0,20.0,21.0,1910.0,0.012316715542521995,-0.1024390243902439,False
11498.0,40.0,20.0,20.0,1910.0,0.011614401858304297,-0.10638297872340426,False
11502.0,40.0,20.0,20.0,1910.0,0.011587485515643106,-0.10869565217391304,False
11520.0,38.0,19.0,19.0,1921.0,0.010863350485991996,-0.11046511627906977,False
11523.0,38.0,19.0,19.0,1921.0,0.010844748858447488,-0.11242603550295859,False
11534.0,37.0,18.0,19.0,1937.0,0.010746606334841629,-0.11242603550295859,False
11563.0,34.0,17.0,17.0,1951.0,0.009413067552602437,-0.11724137931034483,False
11570.0,33.0,16.0,17.0,1969.0,0.009325287986834888,-0.11643835616438356,False
11589.0,31.0,15.0,16.0,1993.0,0.008658008658008658,-0.1103448275862069,False
11592.0,31.0,15.0,16.0,1993.0,0.00864397622906537,-0.11267605633802817,False
11606.0,30.0,15.0,15.0,1993.0,0.00804289544235925,-0.1171875,False
11620.0,29.0,14.0,15.0,2005.0,0.007966011683483803,-0.12295081967213115,False
11646.0,27.0,13.0,14.0,2013.0,0.007322175732217573,-0.13861386138613863,False
11655.0,26.0,13.0,13.0,2013.0,0.00676730869338886,-0.14130434782608695,False
11660.0,25.0,12.0,13.0,2028.0,0.006735751295336788,-0.1326530612244898,False
11672.0,23.0,11.0,12.0,2045.0,0.006166495375128468,-0.12121212121212122,False
11681.0,22.0,11.0,11.0,2045.0,0.005626598465473146,-0.12222222222222222,False
11695.0,20.0,10.0,10.0,2057.0,0.0050735667174023336,-0.11627906976744186,False
11704.0,19.0,9.0,10.0,2071.0,0.005037783375314861,-0.11627906976744186,False
11709.0,18.0,9.0,9.0,2071.0,0.004522613065326633,-0.1111111111111111,False
11717.0,17.0,8.0,9.0,2087.0,0.004502251125562781,-0.10227272727272728,False
11748.0,14.0,7.0,7.0,2112.0,0.00343811394891945,-0.09210526315789473,False
11750.0,14.0,7.0,7.0,2112.0,0.0034347399411187437,-0.0945945945945946,False
11752.0,14.0,7.0,7.0,2112.0,0.003431372549019608,-0.09722222222222222,False
11759.0,13.0,6.0,7.0,2133.0,0.003416300634455832,-0.08333333333333333,False
11761.0,13.0,6.0,7.0,2133.0,0.0034129692832764505,-0.08536585365853659,False
11772.0,12.0,6.0,6.0,2133.0,0.002909796314258002,-0.08450704225352113,False
11791.0,10.0,5.0,5.0,2151.0,0.0023957834211787254,-0.078125,False
11793.0,10.0,5.0,5.0,2151.0,0.0023934897079942556,-0.08064516129032258,False
11806.0,9.0,4.0,5.0,2167.0,0.0023730422401518746,-0.08333333333333333,False
11826.0,8.0,4.0,4.0,2167.0,0.0018805829807240243,-0.1,False
11830.0,8.0,4.0,4.0,2167.0,0.0018770530267480056,-0.1111111111111111,False
11844.0,7.0,3.0,4.0,2194.0,0.0018535681186283596,-0.1111111111111111,False
18949.0,5.0,2.0,3.0,1734.0,0.010676156583629894,-0.0020646937370956643,False
18977.0,5.0,2.0,3.0,1734.0,0.009708737864077669,-0.002105263157894737,False
19012.0,5.0,2.0,3.0,1734.0,0.00872093023255814,-0.002158273381294964,False
19044.0,5.0,2.0,3.0,1734.0,0.007978723404255319,-0.0022091310751104565,False
19056.0,5.0,2.0,3.0,1734.0,0.007731958762886598,-0.002228826151560178,False
19059.0,5.0,2.0,3.0,1734.0,0.0076726342710997444,-0.0022338049143708115,False
19097.0,5.0,2.0,3.0,1734.0,0.006993006993006993,-0.0022988505747126436,False
19109.0,5.0,2.0,3.0,1734.0,0.006802721088435374,-0.002320185614849188,False
19129.0,5.0,2.0,3.0,1734.0,0.006507592190889371,-0.002356637863315004,False
19136.0,5.0,2.0,3.0,1734.0,0.00641025641025641,-0.002369668246445498,False
19139.0,5.0,2.0,3.0,1734.0,0.006369426751592357,-0.0023752969121140144,False
19149.0,5.0,2.0,3.0,1734.0,0.006237006237006237,-0.0023942537909018356,False
19151.0,5.0,2.0,3.0,1734.0,0.006211180124223602,-0.002398081534772182,False
19156.0,5.0,2.0,3.0,1734.0,0.006147540983606557,-0.002407704654895666,False
19160.0,5.0,2.0,3.0,1734.0,0.006097560975609756,-0.0024154589371980675,False
19170.0,5.0,2.0,3.0,1734.0,0.00597609561752988,-0.002435064935064935,False
19176.0,5.0,2.0,3.0,1734.0,0.005905511811023622,-0.0024469820554649264,False
19178.0,5.0,2.0,3.0,1734.0,0.0058823529411764705,-0.0024509803921568627,False
19180.0,5.0,2.0,3.0,1734.0,0.005859375,-0.0024549918166939444,False
19190.0,5.0,2.0,3.0,1734.0,0.005747126436781609,-0.0024752475247524753,False
19193.0,5.0,2.0,3.0,1734.0,0.005714285714285714,-0.0024813895781637717,False
19195.0,5.0,2.0,3.0,1734.0,0.0056925996204933585,-0.0024855012427506215,False
19198.0,5.0,2.0,3.0,1734.0,0.005660377358490566,-0.0024916943521594683,False
19203.0,5.0,2.0,3.0,1734.0,0.005607476635514018,-0.0025020850708924102,False
19207.0,5.0,2.0,3.0,1734.0,0.0055658627087198514,-0.002510460251046025,False
19209.0,5.0,2.0,3.0,1734.0,0.005545286506469501,-0.002514668901927913,False
19217.0,5.0,2.0,3.0,1734.0,0.00546448087431694,-0.002531645569620253,False
19223.0,5.0,2.0,3.0,1734.0,0.005405405405405406,-0.002544529262086514,False
19227.0,5.0,2.0,3.0,1734.0,0.005366726296958855,-0.002553191489361702,False
19231.0,5.0,2.0,3.0,1734.0,0.0053285968028419185,-0.0025619128949615714,False
19232.0,5.0,2.0,3.0,1734.0,0.005319148936170213,-0.002564102564102564,False
19235.0,5.0,2.0,3.0,1734.0,0.005291005291005291,-0.002570694087403599,False
19238.0,5.0,2.0,3.0,1734.0,0.005263157894736842,-0.002577319587628866,False
19240.0,5.0,2.0,3.0,1734.0,0.005244755244755245,-0.0025817555938037868,False
19244.0,5.0,2.0,3.0,1734.0,0.005208333333333333,-0.0025906735751295338,False
19247.0,5.0,2.0,3.0,1734.0,0.0051813471502590676,-0.0025974025974025974,False
19250.0,5.0,2.0,3.0,1734.0,0.005154639175257732,-0.0026041666666666665,False
19252.0,5.0,2.0,3.0,1734.0,0.005136986301369863,-0.0026086956521739132,False
19254.0,5.0,2.0,3.0,1734.0,0.005119453924914676,-0.002613240418118467,False
19257.0,5.0,2.0,3.0,1734.0,0.0050933786078098476,-0.0026200873362445414,False
19259.0,5.0,2.0,3.0,1734.0,0.005076142131979695,-0.0026246719160104987,False
19262.0,5.0,2.0,3.0,1734.0,0.005050505050505051,-0.002631578947368421,False
19266.0,5.0,2.0,3.0,1734.0,0.005016722408026756,-0.002640845070422535,False
19271.0,5.0,2.0,3.0,1734.0,0.004975124378109453,-0.002652519893899204,False
19274.0,5.0,2.0,3.0,1734.0,0.0049504950495049506,-0.0026595744680851063,False
19277.0,5.0,2.0,3.0,1734.0,0.0049261083743842365,-0.0026666666666666666,False
19279.0,5.0,2.0,3.0,1734.0,0.004909983633387889,-0.0026714158504007124,False
19281.0,5.0,2.0,3.0,1734.0,0.004893964110929853,-0.0026761819803746653,False
19283.0,5.0,2.0,3.0,1734.0,0.004878048780487805,-0.002680965147453083,False
19292.0,5.0,2.0,3.0,1734.0,0.004807692307692308,-0.002702702702702703,False
19295.0,5.0,2.0,3.0,1734.0,0.004784688995215311,-0.0027100271002710027,False
19299.0,5.0,2.0,3.0,1734.0,0.004754358161648178,-0.0027198549410698096,False
19303.0,5.0,2.0,3.0,1734.0,0.004724409448818898,-0.00272975432211101,False
19305.0,5.0,2.0,3.0,1734.0,0.004709576138147566,-0.0027347310847766638,False
19308.0,5.0,2.0,3.0,1734.0,0.0046875,-0.002742230347349177,False
19310.0,5.0,2.0,3.0,1734.0,0.004672897196261682,-0.0027472527472527475,False
19311.0,5.0,2.0,3.0,1734.0,0.004665629860031105,-0.002749770852428964,False
19315.0,5.0,2.0,3.0,1734.0,0.00463678516228748,-0.0027598896044158236,False
19318.0,5.0,2.0,3.0,1734.0,0.004615384615384616,-0.0027675276752767526,False
19320.0,5.0,2.0,3.0,1734.0,0.004601226993865031,-0.0027726432532347504,False
19324.0,5.0,2.0,3.0,1734.0,0.004573170731707317,-0.0027829313543599257,False
19326.0,5.0,2.0,3.0,1734.0,0.004559270516717325,-0.0027881040892193307,False
19332.0,5.0,2.0,3.0,1734.0,0.004518072289156626,-0.002803738317757009,False
19336.0,5.0,2.0,3.0,1734.0,0.004491017964071856,-0.0028142589118198874,False
19342.0,5.0,2.0,3.0,1734.0,0.004451038575667656,-0.002830188679245283,False
19346.0,5.0,2.0,3.0,1734.0,0.004424778761061947,-0.002840909090909091,False
19350.0,5.0,2.0,3.0,1734.0,0.004398826979472141,-0.0028517110266159697,False
19354.0,5.0,2.0,3.0,1734.0,0.004373177842565598,-0.0028625954198473282,False
19358.0,5.0,2.0,3.0,1734.0,0.004347826086956522,-0.0028735632183908046,False
19360.0,5.0,2.0,3.0,1734.0,0.004335260115606936,-0.0028790786948176585,False
19363.0,5.0,2.0,3.0,1734.0,0.004316546762589928,-0.0028873917228103944,False
19366.0,5.0,2.0,3.0,1734.0,0.004297994269340974,-0.0028957528957528956,False
19373.0,5.0,2.0,3.0,1734.0,0.00425531914893617,-0.0029154518950437317,False
19378.0,5.0,2.0,3.0,1734.0,0.004225352112676056,-0.0029296875,False
19381.0,5.0,2.0,3.0,1734.0,0.004207573632538569,-0.002938295788442703,False
19384.0,5.0,2.0,3.0,1734.0,0.004189944134078212,-0.0029469548133595285,False
19386.0,5.0,2.0,3.0,1734.0,0.004178272980501393,-0.002952755905511811,False
19389.0,5.0,2.0,3.0,1734.0,0.004160887656033287,-0.0029615004935834156,False
19391.0,5.0,2.0,3.0,1734.0,0.004149377593360996,-0.002967359050445104,False
19396.0,5.0,2.0,3.0,1734.0,0.004120879120879121,-0.002982107355864811,False
19398.0,5.0,2.0,3.0,1734.0,0.00410958904109589,-0.00298804780876494,False
19401.0,5.0,2.0,3.0,1734.0,0.004092769440654843,-0.002997002997002997,False
19405.0,5.0,2.0,3.0,1734.0,0.004070556309362279,-0.003009027081243731,False
19410.0,5.0,2.0,3.0,1734.0,0.004043126684636119,-0.0030241935483870967,False
19412.0,5.0,2.0,3.0,1734.0,0.004032258064516129,-0.0030303030303030303,False
19415.0,5.0,2.0,3.0,1734.0,0.004016064257028112,-0.00303951367781155,False
19417.0,5.0,2.0,3.0,1734.0,0.004005340453938585,-0.003045685279187817,False
19420.0,5.0,2.0,3.0,1734.0,0.003989361702127659,-0.003054989816700611,False
19423.0,5.0,2.0,3.0,1734.0,0.003973509933774834,-0.0030643513789581204,False
19427.0,5.0,2.0,3.0,1734.0,0.003952569169960474,-0.003076923076923077,False
19430.0,5.0,2.0,3.0,1734.0,0.003937007874015748,-0.0030864197530864196,False
19431.0,5.0,2.0,3.0,1734.0,0.003931847968545216,-0.003089598352214212,False
19434.0,5.0,2.0,3.0,1734.0,0.0039164490861618795,-0.0030991735537190084,False
19439.0,5.0,2.0,3.0,1734.0,0.0038910505836575876,-0.003115264797507788,False
19442.0,5.0,2.0,3.0,1734.0,0.003875968992248062,-0.003125,False
19447.0,5.0,2.0,3.0,1734.0,0.0038510911424903724,-0.0031413612565445027,False
19452.0,5.0,2.0,3.0,1734.0,0.003826530612244898,-0.003157894736842105,False
19459.0,5.0,2.0,3.0,1734.0,0.0037926675094816687,-0.003181336161187699,False
19466.0,5.0,2.0,3.0,1734.0,0.0037593984962406013,-0.003205128205128205,False
19470.0,5.0,2.0,3.0,1734.0,0.003740648379052369,-0.003218884120171674,False
19478.0,5.0,2.0,3.0,1734.0,0.003703703703703704,-0.003246753246753247,False
19483.0,5.0,2.0,3.0,1734.0,0.0036809815950920245,-0.003264417845484222,False
19489.0,5.0,2.0,3.0,1734.0,0.0036540803897685747,-0.0032858707557502738,False
19493.0,5.0,2.0,3.0,1734.0,0.0036363636363636364,-0.0033003300330033004,False
19496.0,5.0,2.0,3.0,1734.0,0.0036231884057971015,-0.0033112582781456954,False
19503.0,5.0,2.0,3.0,1734.0,0.003592814371257485,-0.0033370411568409346,False
19510.0,5.0,2.0,3.0,1734.0,0.0035629453681710215,-0.0033632286995515697,False
19514.0,5.0,2.0,3.0,1734.0,0.0035460992907801418,-0.0033783783783783786,False
19517.0,5.0,2.0,3.0,1734.0,0.0035335689045936395,-0.003389830508474576,False
19521.0,5.0,2.0,3.0,1734.0,0.0035169988276670576,-0.00340522133938706,False
19525.0,5.0,2.0,3.0,1734.0,0.003500583430571762,-0.0034207525655644243,False
19531.0,5.0,2.0,3.0,1734.0,0.0034762456546929316,-0.003444316877152698,False
19536.0,5.0,2.0,3.0,1734.0,0.0034562211981566822,-0.003464203233256351,False
19543.0,5.0,2.0,3.0,1734.0,0.0034285714285714284,-0.0034924330616996507,False
19546.0,5.0,2.0,3.0,1734.0,0.003416856492027335,-0.0035046728971962616,False
19548.0,5.0,2.0,3.0,1734.0,0.003409090909090909,-0.00351288056206089,False
19553.0,5.0,2.0,3.0,1734.0,0.003389830508474576,-0.0035335689045936395,False
19791.0,5.0,2.0,3.0,1734.0,0.0026714158504007124,-0.004909983633387889,False
19809.0,5.0,2.0,3.0,1734.0,0.0026292725679228747,-0.00505902192242833,False
19819.0,5.0,2.0,3.0,1734.0,0.0026064291920069507,-0.005145797598627788,False
19828.0,5.0,2.0,3.0,1734.0,0.002586206896551724,-0.005226480836236934,False
19830.0,5.0,2.0,3.0,1734.0,0.0025817555938037868,-0.005244755244755245,False
19840.0,5.0,2.0,3.0,1734.0,0.002559726962457338,-0.005338078291814947,False
19843.0,5.0,2.0,3.0,1734.0,0.002553191489361702,-0.005366726296958855,False
19855.0,5.0,2.0,3.0,1734.0,0.002527379949452401,-0.005484460694698354,False
19859.0,5.0,2.0,3.0,1734.0,0.0025188916876574307,-0.0055248618784530384,False
19863.0,5.0,2.0,3.0,1734.0,0.002510460251046025,-0.0055658627087198514,False
19869.0,5.0,2.0,3.0,1734.0,0.002497918401332223,-0.005628517823639775,False
19876.0,5.0,2.0,3.0,1734.0,0.0024834437086092716,-0.005703422053231939,False
19884.0,5.0,2.0,3.0,1734.0,0.0024671052631578946,-0.005791505791505791,False
19887.0,5.0,2.0,3.0,1734.0,0.002461033634126333,-0.005825242718446602,False
19939.0,6.0,3.0,3.0,595.0,0.018072289156626505,-0.006993006993006993,False
19942.0,6.0,3.0,3.0,595.0,0.01775147928994083,-0.007042253521126761,False
19945.0,6.0,3.0,3.0,595.0,0.01744186046511628,-0.0070921985815602835,False
19950.0,6.0,3.0,3.0,595.0,0.01694915254237288,-0.007177033492822967,False
19954.0,6.0,3.0,3.0,595.0,0.016574585635359115,-0.007246376811594203,False
19958.0,6.0,3.0,3.0,595.0,0.016216216216216217,-0.007317073170731708,False
19961.0,6.0,3.0,3.0,595.0,0.015957446808510637,-0.007371007371007371,False
19963.0,6.0,3.0,3.0,595.0,0.015789473684210527,-0.007407407407407408,False
19968.0,6.0,3.0,3.0,595.0,0.015384615384615385,-0.0075,False
19976.0,6.0,3.0,3.0,595.0,0.014778325123152709,-0.007653061224489796,False
20034.0,7.0,3.0,4.0,595.0,0.01532567049808429,-0.011976047904191617,False
20041.0,7.0,3.0,4.0,595.0,0.014925373134328358,-0.012232415902140673,False
20045.0,7.0,3.0,4.0,595.0,0.014705882352941176,-0.01238390092879257,False
20050.0,7.0,3.0,4.0,595.0,0.01444043321299639,-0.012578616352201259,False
20052.0,7.0,3.0,4.0,595.0,0.014336917562724014,-0.012658227848101266,False
20056.0,7.0,3.0,4.0,595.0,0.014134275618374558,-0.01282051282051282,False
20087.0,8.0,4.0,4.0,426.0,0.02030456852791878,-0.017467248908296942,False
20091.0,8.0,4.0,4.0,426.0,0.01990049751243781,-0.017777777777777778,False
20093.0,8.0,4.0,4.0,426.0,0.019704433497536946,-0.017937219730941704,False
20098.0,8.0,4.0,4.0,426.0,0.019230769230769232,-0.01834862385321101,False
20101.0,8.0,4.0,4.0,426.0,0.018957345971563982,-0.018604651162790697,False
20103.0,8.0,4.0,4.0,426.0,0.018779342723004695,-0.018779342723004695,False
20107.0,8.0,4.0,4.0,426.0,0.018433179723502304,-0.019138755980861243,False
20110.0,8.0,4.0,4.0,426.0,0.01818181818181818,-0.019417475728155338,False
20113.0,8.0,4.0,4.0,426.0,0.017937219730941704,-0.019704433497536946,False
20124.0,8.0,4.0,4.0,426.0,0.017094017094017096,-0.020833333333333332,False
20153.0,8.0,4.0,4.0,426.0,0.015209125475285171,-0.024539877300613498,False
20175.0,8.0,4.0,4.0,426.0,0.014035087719298246,-0.028368794326241134,False
20185.0,8.0,4.0,4.0,426.0,0.013559322033898305,-0.030534351145038167,False
20196.0,8.0,4.0,4.0,426.0,0.013071895424836602,-0.03333333333333333,False
20202.0,8.0,4.0,4.0,426.0,0.01282051282051282,-0.03508771929824561,False
20205.0,8.0,4.0,4.0,426.0,0.012698412698412698,-0.036036036036036036,False
20213.0,8.0,4.0,4.0,426.0,0.01238390092879257,-0.038834951456310676,False
20218.0,8.0,4.0,4.0,426.0,0.012195121951219513,-0.04081632653061224,False
20220.0,8.0,4.0,4.0,426.0,0.012121212121212121,-0.041666666666666664,False
20227.0,8.0,4.0,4.0,426.0,0.011869436201780416,-0.0449438202247191,False
20234.0,7.0,3.0,4.0,595.0,0.008676789587852495,-0.029850746268656716,False
20236.0,7.0,3.0,4.0,595.0,0.008639308855291577,-0.030303030303030304,False
20264.0,6.0,3.0,3.0,595.0,0.006109979633401222,-0.028846153846153848,False
20267.0,6.0,3.0,3.0,595.0,0.006072874493927126,-0.0297029702970297,False
20270.0,6.0,3.0,3.0,595.0,0.006036217303822937,-0.030612244897959183,False
20274.0,6.0,3.0,3.0,595.0,0.005988023952095809,-0.031914893617021274,False
20277.0,6.0,3.0,3.0,595.0,0.005952380952380952,-0.03296703296703297,False
20320.0,5.0,2.0,3.0,1734.0,0.0018159806295399517,-0.036585365853658534,False
20326.0,5.0,2.0,3.0,1734.0,0.0018094089264173703,-0.039473684210526314,False
20331.0,5.0,2.0,3.0,1734.0,0.0018039687312086591,-0.04225352112676056,False
20334.0,5.0,2.0,3.0,1734.0,0.001800720288115246,-0.04411764705882353,False
20610.0,5.0,2.0,3.0,1357.0,0.05660377358490566,-0.0023006134969325155,False
20623.0,5.0,2.0,3.0,1357.0,0.045454545454545456,-0.0023237800154918666,False
20627.0,5.0,2.0,3.0,1357.0,0.04285714285714286,-0.002331002331002331,False
20642.0,6.0,3.0,3.0,1248.0,0.06,-0.0025041736227045075,False
20658.0,7.0,3.0,4.0,1248.0,0.06060606060606061,-0.00338409475465313,False
20661.0,7.0,3.0,4.0,1248.0,0.057971014492753624,-0.0033927056827820186,False
20663.0,7.0,3.0,4.0,1248.0,0.056338028169014086,-0.0033984706881903144,False
20668.0,7.0,3.0,4.0,1248.0,0.05263157894736842,-0.0034129692832764505,False
20670.0,7.0,3.0,4.0,1248.0,0.05128205128205128,-0.003418803418803419,False
20673.0,7.0,3.0,4.0,1248.0,0.04938271604938271,-0.003427592116538132,False
20678.0,7.0,3.0,4.0,1248.0,0.046511627906976744,-0.0034423407917383822,False
20684.0,7.0,3.0,4.0,1248.0,0.043478260869565216,-0.0034602076124567475,False
20694.0,7.0,3.0,4.0,1248.0,0.0392156862745098,-0.0034904013961605585,False
20722.0,8.0,4.0,4.0,1068.0,0.043478260869565216,-0.004098360655737705,False
20732.0,8.0,4.0,4.0,1068.0,0.0392156862745098,-0.004140786749482402,False
20769.0,9.0,4.0,5.0,1068.0,0.03597122302158273,-0.005382131324004306,False
20806.0,9.0,4.0,5.0,1068.0,0.028409090909090908,-0.005605381165919282,False
20814.0,9.0,4.0,5.0,1068.0,0.02717391304347826,-0.005656108597285068,False
20819.0,9.0,4.0,5.0,1068.0,0.026455026455026454,-0.005688282138794084,False
20828.0,10.0,5.0,5.0,981.0,0.02717391304347826,-0.006273525721455458,False
20831.0,10.0,5.0,5.0,981.0,0.026737967914438502,-0.006297229219143577,False
20833.0,10.0,5.0,5.0,981.0,0.026455026455026454,-0.006313131313131313,False
20848.0,11.0,5.0,6.0,981.0,0.029411764705882353,-0.007722007722007722,False
20869.0,14.0,7.0,7.0,249.0,0.05303030303030303,-0.05982905982905983,False
20874.0,14.0,7.0,7.0,249.0,0.051094890510948905,-0.0625,False
20895.0,18.0,9.0,9.0,131.0,0.14754098360655737,-0.12857142857142856,False
20903.0,17.0,8.0,9.0,150.0,0.1125,-0.12857142857142856,False
20926.0,14.0,7.0,7.0,249.0,0.037037037037037035,-0.11666666666666667,False
20932.0,13.0,6.0,7.0,331.0,0.03017241379310345,-0.0707070707070707,False
20956.0,11.0,5.0,6.0,981.0,0.019230769230769232,-0.008968609865470852,False
20966.0,10.0,5.0,5.0,981.0,0.015527950310559006,-0.007587253414264037,False
20974.0,9.0,4.0,5.0,1068.0,0.014534883720930232,-0.006906077348066298,False
20987.0,8.0,4.0,4.0,1068.0,0.011204481792717087,-0.005625879043600563,False
20992.0,8.0,4.0,4.0,1068.0,0.011049723756906077,-0.0056657223796034,False
21033.0,7.0,3.0,4.0,1248.0,0.009070294784580499,-0.004956629491945477,False
21043.0,7.0,3.0,4.0,1248.0,0.008869179600886918,-0.005018820577164366,False
21049.0,7.0,3.0,4.0,1248.0,0.0087527352297593,-0.0050568900126422255,False
21063.0,8.0,4.0,4.0,1068.0,0.009237875288683603,-0.006299212598425197,False
21094.0,8.0,4.0,4.0,1068.0,0.008620689655172414,-0.006622516556291391,False
21099.0,8.0,4.0,4.0,1068.0,0.008528784648187633,-0.00667779632721202,False
21106.0,8.0,4.0,4.0,1068.0,0.008403361344537815,-0.006756756756756757,False
21127.0,8.0,4.0,4.0,1068.0,0.008048289738430584,-0.0070052539404553416,False
21139.0,8.0,4.0,4.0,1068.0,0.007858546168958742,-0.007155635062611807,False
21144.0,8.0,4.0,4.0,1068.0,0.007782101167315175,-0.007220216606498195,False
21150.0,8.0,4.0,4.0,1068.0,0.007692307692307693,-0.0072992700729927005,False
21156.0,8.0,4.0,4.0,1068.0,0.0076045627376425855,-0.007380073800738007,False
21160.0,8.0,4.0,4.0,1068.0,0.007547169811320755,-0.007434944237918215,False
21169.0,8.0,4.0,4.0,1068.0,0.0074211502782931356,-0.007561436672967864,False
21175.0,8.0,4.0,4.0,1068.0,0.007339449541284404,-0.0076481835564053535,False
21185.0,8.0,4.0,4.0,1068.0,0.007207207207207207,-0.007797270955165692,False
21194.0,8.0,4.0,4.0,1068.0,0.0070921985815602835,-0.007936507936507936,False
21231.0,9.0,4.0,5.0,1068.0,0.008319467554076539,-0.010706638115631691,False
21242.0,9.0,4.0,5.0,1068.0,0.008169934640522876,-0.010964912280701754,False
21249.0,9.0,4.0,5.0,1068.0,0.008077544426494346,-0.011135857461024499,False
21255.0,9.0,4.0,5.0,1068.0,0.008,-0.011286681715575621,False
21260.0,9.0,4.0,5.0,1068.0,0.007936507936507936,-0.01141552511415525,False
21268.0,9.0,4.0,5.0,1068.0,0.007836990595611285,-0.011627906976744186,False
21285.0,9.0,4.0,5.0,1068.0,0.007633587786259542,-0.012106537530266344,False
21292.0,9.0,4.0,5.0,1068.0,0.0075528700906344415,-0.012315270935960592,False
21296.0,9.0,4.0,5.0,1068.0,0.0075075075075075074,-0.012437810945273632,False
21298.0,9.0,4.0,5.0,1068.0,0.0074850299401197605,-0.0125,False
21304.0,9.0,4.0,5.0,1068.0,0.00741839762611276,-0.012690355329949238,False
21309.0,9.0,4.0,5.0,1068.0,0.007363770250368188,-0.012853470437017995,False
21318.0,9.0,4.0,5.0,1068.0,0.007267441860465116,-0.013157894736842105,False
21340.0,9.0,4.0,5.0,1068.0,0.007042253521126761,-0.013966480446927373,False
21358.0,9.0,4.0,5.0,1068.0,0.006868131868131868,-0.014705882352941176,False
21367.0,9.0,4.0,5.0,1068.0,0.0067842605156037995,-0.015105740181268883,False
21372.0,9.0,4.0,5.0,1068.0,0.006738544474393531,-0.015337423312883436,False
21377.0,9.0,4.0,5.0,1068.0,0.006693440428380187,-0.01557632398753894,False
21380.0,9.0,4.0,5.0,1068.0,0.006666666666666667,-0.015723270440251572,False
21384.0,9.0,4.0,5.0,1068.0,0.006631299734748011,-0.01592356687898089,False
21388.0,9.0,4.0,5.0,1068.0,0.006596306068601583,-0.016129032258064516,False
21391.0,9.0,4.0,5.0,1068.0,0.006570302233902759,-0.016286644951140065,False
21395.0,9.0,4.0,5.0,1068.0,0.006535947712418301,-0.0165016501650165,False
21401.0,9.0,4.0,5.0,1068.0,0.00648508430609598,-0.016835016835016835,False
21405.0,9.0,4.0,5.0,1068.0,0.0064516129032258064,-0.017064846416382253,False
21410.0,9.0,4.0,5.0,1068.0,0.00641025641025641,-0.017361111111111112,False
21417.0,9.0,4.0,5.0,1068.0,0.0063532401524777635,-0.017793594306049824,False
21421.0,9.0,4.0,5.0,1068.0,0.006321112515802781,-0.018050541516245487,False
21423.0,9.0,4.0,5.0,1068.0,0.006305170239596469,-0.01818181818181818,False
21427.0,9.0,4.0,5.0,1068.0,0.006273525721455458,-0.01845018450184502,False
21430.0,9.0,4.0,5.0,1068.0,0.00625,-0.018656716417910446,False
21431.0,9.0,4.0,5.0,1068.0,0.006242197253433208,-0.018726591760299626,False
21436.0,9.0,4.0,5.0,1068.0,0.00620347394540943,-0.019083969465648856,False
21467.0,8.0,4.0,4.0,1068.0,0.0047789725209080045,-0.017316017316017316,False
21476.0,8.0,4.0,4.0,1068.0,0.004728132387706856,-0.018018018018018018,False
21480.0,8.0,4.0,4.0,1068.0,0.004705882352941176,-0.01834862385321101,False
21486.0,8.0,4.0,4.0,1068.0,0.004672897196261682,-0.018867924528301886,False
21491.0,8.0,4.0,4.0,1068.0,0.004645760743321719,-0.01932367149758454,False
21495.0,8.0,4.0,4.0,1068.0,0.004624277456647399,-0.019704433497536946,False
21497.0,8.0,4.0,4.0,1068.0,0.00461361014994233,-0.01990049751243781,False
21500.0,8.0,4.0,4.0,1068.0,0.004597701149425287,-0.020202020202020204,False
21504.0,8.0,4.0,4.0,1068.0,0.004576659038901602,-0.020618556701030927,False
21507.0,8.0,4.0,4.0,1068.0,0.004561003420752566,-0.020942408376963352,False
21511.0,8.0,4.0,4.0,1068.0,0.004540295119182747,-0.0213903743315508,False
21542.0,8.0,4.0,4.0,1068.0,0.0043859649122807015,-0.02564102564102564,False
21557.0,7.0,3.0,4.0,1248.0,0.004145077720207254,-0.014134275618374558,False
21562.0,7.0,3.0,4.0,1248.0,0.004123711340206186,-0.014388489208633094,False
21566.0,7.0,3.0,4.0,1248.0,0.004106776180698152,-0.014598540145985401,False
21572.0,7.0,3.0,4.0,1248.0,0.004081632653061225,-0.014925373134328358,False
21627.0,6.0,3.0,3.0,1248.0,0.002898550724637681,-0.014084507042253521,False
21632.0,6.0,3.0,3.0,1248.0,0.0028846153846153848,-0.014423076923076924,False
21636.0,6.0,3.0,3.0,1248.0,0.0028735632183908046,-0.014705882352941176,False
21640.0,6.0,3.0,3.0,1248.0,0.0028625954198473282,-0.015,False
21646.0,6.0,3.0,3.0,1248.0,0.0028462998102466793,-0.015463917525773196,False
21650.0,6.0,3.0,3.0,1248.0,0.002835538752362949,-0.015789473684210527,False
21652.0,6.0,3.0,3.0,1248.0,0.002830188679245283,-0.015957446808510637,False
21656.0,6.0,3.0,3.0,1248.0,0.002819548872180451,-0.016304347826086956,False
21658.0,6.0,3.0,3.0,1248.0,0.0028142589118198874,-0.016483516483516484,False
21665.0,6.0,3.0,3.0,1248.0,0.0027958993476234857,-0.017142857142857144,False
21667.0,6.0,3.0,3.0,1248.0,0.0027906976744186047,-0.017341040462427744,False
21670.0,6.0,3.0,3.0,1248.0,0.0027829313543599257,-0.01764705882352941,False
21703.0,5.0,2.0,3.0,1357.0,0.002617801047120419,-0.014218009478672985,False
21714.0,5.0,2.0,3.0,1357.0,0.0025929127052722557,-0.015,False
21725.0,5.0,2.0,3.0,1357.0,0.0025684931506849314,-0.015873015873015872,False
21731.0,5.0,2.0,3.0,1357.0,0.002555366269165247,-0.01639344262295082,False
21734.0,5.0,2.0,3.0,1357.0,0.002548853016142736,-0.016666666666666666,False
21739.0,5.0,2.0,3.0,1357.0,0.0025380710659898475,-0.017142857142857144,False
21750.0,5.0,2.0,3.0,1357.0,0.002514668901927913,-0.018292682926829267,False
21764.0,5.0,2.0,3.0,1357.0,0.0024855012427506215,-0.02,False
21766.0,5.0,2.0,3.0,1357.0,0.0024813895781637717,-0.02027027027027027,False
21768.0,5.0,2.0,3.0,1357.0,0.002477291494632535,-0.02054794520547945,False
21787.0,5.0,2.0,3.0,1357.0,0.0024390243902439024,-0.023622047244094488,False
28131.0,5.0,2.0,3.0,2022.0,0.10344827586206896,-0.0015052684395383843,False
28154.0,8.0,4.0,4.0,1970.0,0.19047619047619047,-0.002052334530528476,False
28168.0,10.0,5.0,5.0,1963.0,0.16129032258064516,-0.002587991718426501,False
28172.0,10.0,5.0,5.0,1963.0,0.14285714285714285,-0.0025933609958506223,False
28190.0,11.0,5.0,6.0,1963.0,0.11320754716981132,-0.0031413612565445027,False
28198.0,11.0,5.0,6.0,1963.0,0.09836065573770492,-0.0031545741324921135,False
28203.0,11.0,5.0,6.0,1963.0,0.09090909090909091,-0.0031628887717448603,False
28208.0,11.0,5.0,6.0,1963.0,0.08450704225352113,-0.003171247357293869,False
28247.0,11.0,5.0,6.0,1963.0,0.05454545454545454,-0.0032379924446842958,False
28256.0,12.0,6.0,6.0,1949.0,0.05504587155963303,-0.003260869565217391,False
28266.0,14.0,7.0,7.0,1939.0,0.06306306306306306,-0.0038293216630196935,False
28304.0,23.0,11.0,12.0,1714.0,0.2553191489361702,-0.007198560287942412,False
28327.0,21.0,10.0,11.0,1728.0,0.14285714285714285,-0.006662628709872804,False
28361.0,21.0,10.0,11.0,1728.0,0.0990990990990991,-0.006802721088435374,False
28368.0,21.0,10.0,11.0,1728.0,0.09322033898305085,-0.0068322981366459624,False
28374.0,21.0,10.0,11.0,1728.0,0.08870967741935484,-0.00685785536159601,False
28394.0,20.0,10.0,10.0,1728.0,0.06944444444444445,-0.006313131313131313,False
28397.0,20.0,10.0,10.0,1728.0,0.06802721088435375,-0.006325110689437065,False
28399.0,20.0,10.0,10.0,1728.0,0.06711409395973154,-0.006333122229259025,False
28408.0,20.0,10.0,10.0,1728.0,0.06329113924050633,-0.006369426751592357,False
28416.0,20.0,10.0,10.0,1728.0,0.060240963855421686,-0.006402048655569782,False
28434.0,23.0,11.0,12.0,1714.0,0.06779661016949153,-0.007807417046193884,False
28475.0,37.0,18.0,19.0,575.0,0.0979381443298969,-0.049868766404199474,False
28532.0,22.0,11.0,11.0,1714.0,0.04,-0.007644197359277276,False
28540.0,22.0,11.0,11.0,1714.0,0.038869257950530034,-0.007686932215234102,False
28551.0,22.0,11.0,11.0,1714.0,0.03741496598639456,-0.007746478873239437,False
28554.0,22.0,11.0,11.0,1714.0,0.037037037037037035,-0.0077628793225123505,False
28557.0,22.0,11.0,11.0,1714.0,0.03666666666666667,-0.007779349363507779,False
28560.0,22.0,11.0,11.0,1714.0,0.036303630363036306,-0.007795889440113395,False
28565.0,22.0,11.0,11.0,1714.0,0.03571428571428571,-0.007823613086770981,False
28579.0,23.0,11.0,12.0,1714.0,0.037267080745341616,-0.008620689655172414,False
28596.0,24.0,12.0,12.0,1700.0,0.03592814371257485,-0.008784773060029283,False
28610.0,25.0,12.0,13.0,1700.0,0.03735632183908046,-0.009615384615384616,False
28612.0,25.0,12.0,13.0,1700.0,0.037142857142857144,-0.00962962962962963,False
28615.0,25.0,12.0,13.0,1700.0,0.036827195467422094,-0.009651076466221232,False
28624.0,26.0,13.0,13.0,1689.0,0.036414565826330535,-0.00975975975975976,False
28656.0,30.0,15.0,15.0,737.0,0.038860103626943004,-0.042735042735042736,False
28678.0,31.0,15.0,16.0,737.0,0.0392156862745098,-0.0486322188449848,False
28681.0,32.0,16.0,16.0,706.0,0.03950617283950617,-0.053156146179401995,False
28684.0,32.0,16.0,16.0,706.0,0.0392156862745098,-0.053691275167785234,False
28693.0,31.0,15.0,16.0,737.0,0.037825059101654845,-0.050955414012738856,False
28695.0,31.0,15.0,16.0,737.0,0.03764705882352941,-0.05128205128205128,False
28706.0,29.0,14.0,15.0,753.0,0.03424657534246575,-0.047619047619047616,False
28742.0,24.0,12.0,12.0,1700.0,0.025,-0.009836065573770493,False
28752.0,23.0,11.0,12.0,1714.0,0.024242424242424242,-0.009844134536505332,False
28773.0,22.0,11.0,11.0,1714.0,0.02131782945736434,-0.009181969949916527,False
28824.0,20.0,10.0,10.0,1728.0,0.017421602787456445,-0.008665511265164644,False
28828.0,20.0,10.0,10.0,1728.0,0.01730103806228374,-0.008695652173913044,False
28830.0,20.0,10.0,10.0,1728.0,0.017241379310344827,-0.008710801393728223,False
28833.0,20.0,10.0,10.0,1728.0,0.017152658662092625,-0.008733624454148471,False
28835.0,20.0,10.0,10.0,1728.0,0.017094017094017096,-0.008748906386701663,False
28840.0,20.0,10.0,10.0,1728.0,0.01694915254237288,-0.008787346221441126,False
28860.0,19.0,9.0,10.0,1813.0,0.014598540145985401,-0.008865248226950355,False
28905.0,20.0,10.0,10.0,1728.0,0.015267175572519083,-0.009319664492078284,False
28908.0,20.0,10.0,10.0,1728.0,0.015197568389057751,-0.009345794392523364,False
28913.0,20.0,10.0,10.0,1728.0,0.015082956259426848,-0.009389671361502348,False
28929.0,20.0,10.0,10.0,1728.0,0.014727540500736377,-0.009532888465204958,False
28956.0,19.0,9.0,10.0,1813.0,0.012804097311139564,-0.009689922480620155,False
28969.0,18.0,9.0,9.0,1813.0,0.011335012594458438,-0.008832188420019628,False
28983.0,17.0,8.0,9.0,1929.0,0.01097560975609756,-0.008115419296663661,False
29008.0,16.0,8.0,8.0,1929.0,0.009467455621301775,-0.007380073800738007,False
29011.0,16.0,8.0,8.0,1929.0,0.009433962264150943,-0.0074005550416281225,False
29015.0,16.0,8.0,8.0,1929.0,0.009389671361502348,-0.007428040854224698,False
29019.0,16.0,8.0,8.0,1929.0,0.009345794392523364,-0.007455731593662628,False
29024.0,16.0,8.0,8.0,1929.0,0.009291521486643438,-0.00749063670411985,False
29027.0,16.0,8.0,8.0,1929.0,0.009259259259259259,-0.007511737089201878,False
29033.0,16.0,8.0,8.0,1929.0,0.009195402298850575,-0.007554296506137866,False
29044.0,15.0,7.0,8.0,1939.0,0.008998875140607425,-0.007619047619047619,False
29060.0,16.0,8.0,8.0,1929.0,0.008918617614269788,-0.007751937984496124,False
29062.0,16.0,8.0,8.0,1929.0,0.008898776418242492,-0.007766990291262136,False
29070.0,16.0,8.0,8.0,1929.0,0.008820286659316428,-0.007827788649706457,False
29073.0,15.0,7.0,8.0,1939.0,0.008714596949891068,-0.007835455435847209,False
29077.0,15.0,7.0,8.0,1939.0,0.008676789587852495,-0.007866273352999017,False
29084.0,15.0,7.0,8.0,1939.0,0.008611410118406888,-0.007920792079207921,False
29100.0,15.0,7.0,8.0,1939.0,0.008465608465608466,-0.008048289738430584,False
29110.0,16.0,8.0,8.0,1929.0,0.008447729672650475,-0.008146639511201629,False
29138.0,15.0,7.0,8.0,1939.0,0.008138351983723296,-0.008368200836820083,False
29149.0,15.0,7.0,8.0,1939.0,0.008048289738430584,-0.008465608465608466,False
29159.0,15.0,7.0,8.0,1939.0,0.00796812749003984,-0.008556149732620321,False
29165.0,15.0,7.0,8.0,1939.0,0.007920792079207921,-0.008611410118406888,False
29170.0,15.0,7.0,8.0,1939.0,0.007881773399014778,-0.008658008658008658,False
29176.0,15.0,7.0,8.0,1939.0,0.007835455435847209,-0.008714596949891068,False
29184.0,15.0,7.0,8.0,1939.0,0.007774538386783284,-0.008791208791208791,False
29192.0,15.0,7.0,8.0,1939.0,0.007714561234329798,-0.008869179600886918,False
29202.0,15.0,7.0,8.0,1939.0,0.007640878701050621,-0.008968609865470852,False
29210.0,15.0,7.0,8.0,1939.0,0.007582938388625593,-0.00904977375565611,False
29216.0,15.0,7.0,8.0,1939.0,0.007540056550424128,-0.009111617312072893,False
29218.0,15.0,7.0,8.0,1939.0,0.007525870178739417,-0.0091324200913242,False
29221.0,15.0,7.0,8.0,1939.0,0.0075046904315197,-0.009163802978235968,False
29223.0,15.0,7.0,8.0,1939.0,0.00749063670411985,-0.009184845005740528,False
29229.0,15.0,7.0,8.0,1939.0,0.0074487895716946,-0.009248554913294798,False
29233.0,15.0,7.0,8.0,1939.0,0.0074211502782931356,-0.009291521486643438,False
29238.0,15.0,7.0,8.0,1939.0,0.007386888273314866,-0.009345794392523364,False
29243.0,15.0,7.0,8.0,1939.0,0.007352941176470588,-0.009400705052878966,False
29248.0,15.0,7.0,8.0,1939.0,0.007319304666056725,-0.009456264775413711,False
29258.0,15.0,7.0,8.0,1939.0,0.007252946509519492,-0.009569377990430622,False
29271.0,16.0,8.0,8.0,1929.0,0.007220216606498195,-0.0097442143727162,False
29281.0,16.0,8.0,8.0,1929.0,0.007155635062611807,-0.009864364981504316,False
29299.0,16.0,8.0,8.0,1929.0,0.007042253521126761,-0.01008827238335435,False
29302.0,16.0,8.0,8.0,1929.0,0.007023705004389816,-0.010126582278481013,False
29313.0,16.0,8.0,8.0,1929.0,0.006956521739130435,-0.010269576379974325,False
29323.0,16.0,8.0,8.0,1929.0,0.006896551724137931,-0.010403120936280884,False
29338.0,16.0,8.0,8.0,1929.0,0.006808510638297872,-0.010610079575596816,False
29342.0,16.0,8.0,8.0,1929.0,0.006785411365564037,-0.010666666666666666,False
29348.0,16.0,8.0,8.0,1929.0,0.006751054852320675,-0.010752688172043012,False
29350.0,16.0,8.0,8.0,1929.0,0.006739679865206402,-0.01078167115902965,False
29355.0,16.0,8.0,8.0,1929.0,0.006711409395973154,-0.010854816824966078,False
29358.0,16.0,8.0,8.0,1929.0,0.0066945606694560665,-0.010899182561307902,False
29366.0,16.0,8.0,8.0,1929.0,0.006650041562759767,-0.011019283746556474,False
29376.0,16.0,8.0,8.0,1929.0,0.006595218466611707,-0.0111731843575419,False
29383.0,16.0,8.0,8.0,1929.0,0.006557377049180328,-0.011283497884344146,False
29389.0,16.0,8.0,8.0,1929.0,0.0065252854812398045,-0.011379800853485065,False
29407.0,16.0,8.0,8.0,1929.0,0.006430868167202572,-0.01167883211678832,False
29442.0,16.0,8.0,8.0,1929.0,0.006254886630179828,-0.012307692307692308,False
29463.0,16.0,8.0,8.0,1929.0,0.006153846153846154,-0.012718600953895072,False
29472.0,16.0,8.0,8.0,1929.0,0.006111535523300229,-0.012903225806451613,False
29491.0,16.0,8.0,8.0,1929.0,0.006024096385542169,-0.013311148086522463,False
29523.0,16.0,8.0,8.0,1929.0,0.0058823529411764705,-0.014059753954305799,False
29541.0,16.0,8.0,8.0,1929.0,0.005805515239477504,-0.014519056261343012,False
29543.0,16.0,8.0,8.0,1929.0,0.005797101449275362,-0.014571948998178506,False
29550.0,16.0,8.0,8.0,1929.0,0.005767844268204758,-0.014760147601476014,False
29557.0,16.0,8.0,8.0,1929.0,0.005738880918220947,-0.014953271028037384,False
29560.0,16.0,8.0,8.0,1929.0,0.00572655690765927,-0.015037593984962405,False
29565.0,16.0,8.0,8.0,1929.0,0.005706134094151213,-0.015180265654648957,False
29572.0,16.0,8.0,8.0,1929.0,0.0056777856635912,-0.015384615384615385,False
29579.0,16.0,8.0,8.0,1929.0,0.005649717514124294,-0.015594541910331383,False
29587.0,16.0,8.0,8.0,1929.0,0.0056179775280898875,-0.015841584158415842,False
29596.0,16.0,8.0,8.0,1929.0,0.005582693649685973,-0.016129032258064516,False
29602.0,16.0,8.0,8.0,1929.0,0.005559416261292564,-0.0163265306122449,False
29606.0,16.0,8.0,8.0,1929.0,0.005544005544005544,-0.01646090534979424,False
29608.0,16.0,8.0,8.0,1929.0,0.005536332179930796,-0.01652892561983471,False
29614.0,16.0,8.0,8.0,1929.0,0.005513439007580979,-0.016736401673640166,False
29621.0,16.0,8.0,8.0,1929.0,0.0054869684499314125,-0.016985138004246284,False
29627.0,16.0,8.0,8.0,1929.0,0.00546448087431694,-0.017204301075268817,False
29629.0,16.0,8.0,8.0,1929.0,0.005457025920873124,-0.017278617710583154,False
29638.0,16.0,8.0,8.0,1929.0,0.005423728813559322,-0.01762114537444934,False
29641.0,16.0,8.0,8.0,1929.0,0.005412719891745603,-0.017738359201773836,False
29649.0,16.0,8.0,8.0,1929.0,0.005383580080753701,-0.01805869074492099,False
29654.0,16.0,8.0,8.0,1929.0,0.0053655264922870555,-0.0182648401826484,False
29679.0,15.0,7.0,8.0,1939.0,0.005249343832020997,-0.01927710843373494,False
29703.0,16.0,8.0,8.0,1929.0,0.005194805194805195,-0.02056555269922879,False
29712.0,16.0,8.0,8.0,1929.0,0.005164622336991607,-0.021052631578947368,False
29714.0,16.0,8.0,8.0,1929.0,0.0051579626047711154,-0.021164021164021163,False
29739.0,15.0,7.0,8.0,1939.0,0.005050505050505051,-0.022535211267605635,False
29751.0,15.0,7.0,8.0,1939.0,0.005012531328320802,-0.023323615160349854,False
29760.0,15.0,7.0,8.0,1939.0,0.004984423676012461,-0.023952095808383235,False
29767.0,15.0,7.0,8.0,1939.0,0.004962779156327543,-0.024464831804281346,False
29771.0,15.0,7.0,8.0,1939.0,0.0049504950495049506,-0.02476780185758514,False
29780.0,15.0,7.0,8.0,1939.0,0.004923076923076923,-0.025477707006369428,False
29788.0,15.0,7.0,8.0,1939.0,0.004898958971218616,-0.026143790849673203,False
29800.0,15.0,7.0,8.0,1939.0,0.004863221884498481,-0.027210884353741496,False
29812.0,15.0,7.0,8.0,1939.0,0.004828002414001207,-0.028368794326241134,False
29816.0,15.0,7.0,8.0,1939.0,0.00481637567730283,-0.02877697841726619,False
29818.0,15.0,7.0,8.0,1939.0,0.004810583283223091,-0.028985507246376812,False
29820.0,15.0,7.0,8.0,1939.0,0.004804804804804805,-0.029197080291970802,False
29822.0,15.0,7.0,8.0,1939.0,0.004799040191961607,-0.029411764705882353,False
29826.0,15.0,7.0,8.0,1939.0,0.0047875523638539795,-0.029850746268656716,False
29832.0,15.0,7.0,8.0,1939.0,0.004770423375074538,-0.030534351145038167,False
29836.0,15.0,7.0,8.0,1939.0,0.004759071980963712,-0.031007751937984496,False
29840.0,15.0,7.0,8.0,1939.0,0.004747774480712166,-0.031496062992125984,False
29846.0,15.0,7.0,8.0,1939.0,0.004730928444707274,-0.03225806451612903,False
29850.0,15.0,7.0,8.0,1939.0,0.00471976401179941,-0.03278688524590164,False
29858.0,15.0,7.0,8.0,1939.0,0.004697592483852026,-0.03389830508474576,False
29860.0,15.0,7.0,8.0,1939.0,0.00469208211143695,-0.03418803418803419,False
29862.0,15.0,7.0,8.0,1939.0,0.0046865846514352666,-0.034482758620689655,False
29871.0,15.0,7.0,8.0,1939.0,0.004662004662004662,-0.03587443946188341,False
29876.0,15.0,7.0,8.0,1939.0,0.004648460197559558,-0.03669724770642202,False
29885.0,15.0,7.0,8.0,1939.0,0.004624277456647399,-0.03827751196172249,False
29890.0,15.0,7.0,8.0,1939.0,0.004610951008645533,-0.0392156862745098,False
29915.0,17.0,8.0,9.0,1929.0,0.005136986301369863,-0.05084745762711865,False
29925.0,17.0,8.0,9.0,1929.0,0.00510783200908059,-0.05389221556886228,False
29934.0,17.0,8.0,9.0,1929.0,0.005081874647092038,-0.056962025316455694,False
29948.0,15.0,7.0,8.0,1939.0,0.004461795872838818,-0.0547945205479452,False
29981.0,11.0,5.0,6.0,1963.0,0.0032537960954446853,-0.05042016806722689,False
29990.0,10.0,5.0,5.0,1963.0,0.002698327037236913,-0.045454545454545456,False
29995.0,10.0,5.0,5.0,1963.0,0.002691065662002153,-0.047619047619047616,False
29998.0,10.0,5.0,5.0,1963.0,0.0026867275658248252,-0.049019607843137254,False
30000.0,10.0,5.0,5.0,1963.0,0.0026838432635534087,-0.05,False
30003.0,10.0,5.0,5.0,1963.0,0.0026795284030010718,-0.05154639175257732,False
30006.0,10.0,5.0,5.0,1963.0,0.002675227394328518,-0.05319148936170213,False
30008.0,10.0,5.0,5.0,1963.0,0.002672367717797969,-0.05434782608695652,False
30028.0,12.0,6.0,6.0,1949.0,0.003189792663476874,-0.08823529411764706,False
30042.0,13.0,6.0,7.0,1949.0,0.0036939313984168864,-0.12962962962962962,False
30050.0,14.0,7.0,7.0,1939.0,0.0036939313984168864,-0.1590909090909091,False
30061.0,15.0,7.0,8.0,1939.0,0.004197271773347324,-0.24242424242424243,False
30065.0,15.0,7.0,8.0,1939.0,0.004188481675392671,-0.27586206896551724,False
30613.0,5.0,2.0,3.0,1412.0,0.3,-0.0021398002853067048,False
30615.0,5.0,2.0,3.0,1412.0,0.25,-0.002142857142857143,False
30624.0,8.0,4.0,4.0,1362.0,0.5714285714285714,-0.002952029520295203,False
30646.0,12.0,6.0,6.0,1336.0,0.2608695652173913,-0.00456968773800457,False
30673.0,10.0,4.0,6.0,1357.0,0.10714285714285714,-0.004611837048424289,False
30675.0,10.0,4.0,6.0,1357.0,0.10344827586206896,-0.004618937644341801,False
30679.0,10.0,4.0,6.0,1357.0,0.0967741935483871,-0.004633204633204633,False
30681.0,10.0,4.0,6.0,1357.0,0.09375,-0.004640371229698376,False
30687.0,9.0,4.0,5.0,1362.0,0.07142857142857142,-0.003869969040247678,False
30696.0,10.0,4.0,6.0,1357.0,0.0759493670886076,-0.004694835680751174,False
30699.0,10.0,4.0,6.0,1357.0,0.07317073170731707,-0.004705882352941176,False
30718.0,12.0,6.0,6.0,1336.0,0.06315789473684211,-0.004834810636583401,False
30745.0,16.0,8.0,8.0,1250.0,0.14285714285714285,-0.006700167504187605,False
30792.0,15.0,7.0,8.0,1323.0,0.04819277108433735,-0.006914433880726016,False
30802.0,15.0,7.0,8.0,1323.0,0.045454545454545456,-0.006974716652136007,False
30808.0,15.0,7.0,8.0,1323.0,0.04395604395604396,-0.007011393514460999,False
30815.0,15.0,7.0,8.0,1323.0,0.042328042328042326,-0.007054673721340388,False
30820.0,15.0,7.0,8.0,1323.0,0.041237113402061855,-0.0070859167404783,False
30824.0,15.0,7.0,8.0,1323.0,0.04040404040404041,-0.0071111111111111115,False
30829.0,15.0,7.0,8.0,1323.0,0.03940886699507389,-0.007142857142857143,False
30833.0,15.0,7.0,8.0,1323.0,0.03864734299516908,-0.007168458781362007,False
30839.0,15.0,7.0,8.0,1323.0,0.03755868544600939,-0.007207207207207207,False
30844.0,15.0,7.0,8.0,1323.0,0.03669724770642202,-0.007239819004524887,False
30849.0,15.0,7.0,8.0,1323.0,0.03587443946188341,-0.007272727272727273,False
30852.0,15.0,7.0,8.0,1323.0,0.035398230088495575,-0.007292616226071103,False
30859.0,15.0,7.0,8.0,1323.0,0.034334763948497854,-0.007339449541284404,False
30866.0,16.0,8.0,8.0,1250.0,0.04519774011299435,-0.007455731593662628,False
30886.0,15.0,7.0,8.0,1323.0,0.03076923076923077,-0.007525870178739417,False
30889.0,15.0,7.0,8.0,1323.0,0.030418250950570342,-0.007547169811320755,False
30911.0,15.0,7.0,8.0,1323.0,0.028070175438596492,-0.007707129094412331,False
30934.0,15.0,7.0,8.0,1323.0,0.025974025974025976,-0.007881773399014778,False
30941.0,15.0,7.0,8.0,1323.0,0.025396825396825397,-0.007936507936507936,False
30946.0,15.0,7.0,8.0,1323.0,0.025,-0.007976071784646061,False
30949.0,15.0,7.0,8.0,1323.0,0.02476780185758514,-0.008,False
30953.0,15.0,7.0,8.0,1323.0,0.024464831804281346,-0.008032128514056224,False
30956.0,15.0,7.0,8.0,1323.0,0.024242424242424242,-0.008056394763343404,False
30960.0,15.0,7.0,8.0,1323.0,0.023952095808383235,-0.008088978766430738,False
30981.0,16.0,8.0,8.0,1250.0,0.0273972602739726,-0.008350730688935281,False
30992.0,16.0,8.0,8.0,1250.0,0.026402640264026403,-0.008447729672650475,False
31007.0,15.0,7.0,8.0,1323.0,0.02099737532808399,-0.008492569002123142,False
31012.0,16.0,8.0,8.0,1250.0,0.02476780185758514,-0.008629989212513484,False
31015.0,15.0,7.0,8.0,1323.0,0.02056555269922879,-0.008565310492505354,False
31019.0,15.0,7.0,8.0,1323.0,0.020356234096692113,-0.008602150537634409,False
31024.0,15.0,7.0,8.0,1323.0,0.020100502512562814,-0.008648648648648649,False
31031.0,15.0,7.0,8.0,1323.0,0.019753086419753086,-0.008714596949891068,False
31046.0,15.0,7.0,8.0,1323.0,0.01904761904761905,-0.008859357696566999,False
31069.0,15.0,7.0,8.0,1323.0,0.01805869074492099,-0.00909090909090909,False
31080.0,15.0,7.0,8.0,1323.0,0.01762114537444934,-0.009205983889528193,False
31089.0,15.0,7.0,8.0,1323.0,0.017278617710583154,-0.009302325581395349,False
31102.0,15.0,7.0,8.0,1323.0,0.01680672268907563,-0.009445100354191263,False
31114.0,15.0,7.0,8.0,1323.0,0.01639344262295082,-0.009580838323353293,False
31124.0,15.0,7.0,8.0,1323.0,0.01606425702811245,-0.009696969696969697,False
31128.0,15.0,7.0,8.0,1323.0,0.01593625498007968,-0.0097442143727162,False
31136.0,15.0,7.0,8.0,1323.0,0.01568627450980392,-0.00984009840098401,False
31140.0,15.0,7.0,8.0,1323.0,0.01556420233463035,-0.009888751545117428,False
31142.0,15.0,7.0,8.0,1323.0,0.015503875968992248,-0.009913258983890954,False
31145.0,15.0,7.0,8.0,1323.0,0.015414258188824663,-0.009950248756218905,False
31149.0,16.0,8.0,8.0,1250.0,0.017391304347826087,-0.010126582278481013,False
31162.0,16.0,8.0,8.0,1250.0,0.016913319238900635,-0.010296010296010296,False
31165.0,15.0,7.0,8.0,1323.0,0.014842300556586271,-0.01020408163265306,False
31172.0,15.0,7.0,8.0,1323.0,0.014652014652014652,-0.010296010296010296,False
31181.0,15.0,7.0,8.0,1323.0,0.014414414414414415,-0.010416666666666666,False
31185.0,15.0,7.0,8.0,1323.0,0.014311270125223614,-0.010471204188481676,False
31190.0,15.0,7.0,8.0,1323.0,0.014184397163120567,-0.010540184453227932,False
31197.0,15.0,7.0,8.0,1323.0,0.014010507880910683,-0.010638297872340425,False
31201.0,15.0,7.0,8.0,1323.0,0.01391304347826087,-0.0106951871657754,False
31207.0,15.0,7.0,8.0,1323.0,0.013769363166953529,-0.01078167115902965,False
31215.0,15.0,7.0,8.0,1323.0,0.013582342954159592,-0.010899182561307902,False
31221.0,15.0,7.0,8.0,1323.0,0.013445378151260505,-0.01098901098901099,False
31225.0,15.0,7.0,8.0,1323.0,0.01335559265442404,-0.011049723756906077,False
31230.0,15.0,7.0,8.0,1323.0,0.013245033112582781,-0.011126564673157162,False
31239.0,15.0,7.0,8.0,1323.0,0.013050570962479609,-0.011267605633802818,False
31241.0,15.0,7.0,8.0,1323.0,0.013008130081300813,-0.011299435028248588,False
31244.0,15.0,7.0,8.0,1323.0,0.012944983818770227,-0.011347517730496455,False
31252.0,15.0,7.0,8.0,1323.0,0.012779552715654952,-0.011477761836441894,False
31255.0,15.0,7.0,8.0,1323.0,0.012718600953895072,-0.011527377521613832,False
31258.0,15.0,7.0,8.0,1323.0,0.012658227848101266,-0.011577424023154847,False
31262.0,15.0,7.0,8.0,1323.0,0.012578616352201259,-0.011644832605531296,False
31264.0,15.0,7.0,8.0,1323.0,0.012539184952978056,-0.01167883211678832,False
31266.0,15.0,7.0,8.0,1323.0,0.0125,-0.01171303074670571,False
31268.0,15.0,7.0,8.0,1323.0,0.012461059190031152,-0.011747430249632892,False
31271.0,15.0,7.0,8.0,1323.0,0.012403100775193798,-0.011799410029498525,False
31275.0,15.0,7.0,8.0,1323.0,0.012326656394453005,-0.011869436201780416,False
31277.0,15.0,7.0,8.0,1323.0,0.01228878648233487,-0.011904761904761904,False
31281.0,15.0,7.0,8.0,1323.0,0.012213740458015267,-0.011976047904191617,False
31289.0,15.0,7.0,8.0,1323.0,0.012066365007541479,-0.012121212121212121,False
31294.0,15.0,7.0,8.0,1323.0,0.011976047904191617,-0.012213740458015267,False
31296.0,15.0,7.0,8.0,1323.0,0.011940298507462687,-0.01225114854517611,False
31304.0,15.0,7.0,8.0,1323.0,0.011799410029498525,-0.012403100775193798,False
31319.0,15.0,7.0,8.0,1323.0,0.011544011544011544,-0.012698412698412698,False
31338.0,15.0,7.0,8.0,1323.0,0.011235955056179775,-0.01309328968903437,False
31373.0,15.0,7.0,8.0,1323.0,0.0107095046854083,-0.013888888888888888,False
31391.0,15.0,7.0,8.0,1323.0,0.01045751633986928,-0.014336917562724014,False
31393.0,15.0,7.0,8.0,1323.0,0.010430247718383311,-0.014388489208633094,False
31409.0,18.0,9.0,9.0,1226.0,0.01272984441301273,-0.017341040462427744,False
31418.0,19.0,9.0,10.0,1226.0,0.013966480446927373,-0.0196078431372549,False
31432.0,18.0,9.0,9.0,1226.0,0.012328767123287671,-0.018145161290322582,False
31434.0,18.0,9.0,9.0,1226.0,0.012295081967213115,-0.018218623481781375,False
31536.0,39.0,19.0,20.0,322.0,0.29850746268656714,-0.0784313725490196,False
31538.0,39.0,19.0,20.0,322.0,0.2898550724637681,-0.07905138339920949,False
31585.0,25.0,12.0,13.0,1142.0,0.015098722415795587,-0.046263345195729534,False
31595.0,24.0,12.0,12.0,1142.0,0.013777267508610792,-0.04428044280442804,False
31602.0,23.0,11.0,12.0,1151.0,0.01362088535754824,-0.044444444444444446,False
31604.0,23.0,11.0,12.0,1151.0,0.013590033975084938,-0.04477611940298507,False
31635.0,24.0,12.0,12.0,1142.0,0.013172338090010977,-0.05194805194805195,False
31689.0,45.0,22.0,23.0,105.0,0.38333333333333336,-0.5111111111111111,True
31695.0,45.0,22.0,23.0,105.0,0.3484848484848485,-0.5897435897435898,True
31700.0,45.0,22.0,23.0,105.0,0.323943661971831,-0.6764705882352942,True
31735.0,23.0,11.0,12.0,1151.0,0.011834319526627219,-0.08759124087591241,False
31745.0,21.0,10.0,11.0,1163.0,0.01066925315227934,-0.08333333333333333,False
31772.0,21.0,10.0,11.0,1163.0,0.010396975425330813,-0.10476190476190476,False
31779.0,21.0,10.0,11.0,1163.0,0.010328638497652582,-0.11224489795918367,False
31799.0,19.0,9.0,10.0,1226.0,0.009115770282588878,-0.07751937984496124,False
31822.0,17.0,8.0,9.0,1250.0,0.00794351279788173,-0.07692307692307693,False
31828.0,17.0,8.0,9.0,1250.0,0.007901668129938543,-0.08108108108108109,False
31833.0,17.0,8.0,9.0,1250.0,0.007867132867132868,-0.08490566037735849,False
31837.0,17.0,8.0,9.0,1250.0,0.0078397212543554,-0.08823529411764706,False
31846.0,17.0,8.0,9.0,1250.0,0.007778738115816767,-0.0967741935483871,False
31868.0,13.0,6.0,7.0,1336.0,0.005622489959839358,-0.07692307692307693,False
31932.0,10.0,4.0,6.0,1357.0,0.0045627376425855515,-0.14285714285714285,False
31950.0,8.0,4.0,4.0,1362.0,0.003000750187546887,-0.13793103448275862,False
31952.0,8.0,4.0,4.0,1362.0,0.00299625468164794,-0.14814814814814814,False
31960.0,7.0,3.0,4.0,1389.0,0.0029585798816568047,-0.10810810810810811,False
31980.0,5.0,2.0,3.0,1412.0,0.002178649237472767,-0.08571428571428572,False
31984.0,5.0,2.0,3.0,1412.0,0.002172338884866039,-0.0967741935483871,False
34157.0,5.0,2.0,3.0,622.0,0.11538461538461539,-0.0050335570469798654,False
34190.0,10.0,5.0,5.0,587.0,0.17857142857142858,-0.008944543828264758,False
34199.0,11.0,5.0,6.0,587.0,0.16216216216216217,-0.01090909090909091,False
34208.0,11.0,5.0,6.0,587.0,0.13043478260869565,-0.011090573012939002,False
34227.0,11.0,5.0,6.0,587.0,0.09230769230769231,-0.011494252873563218,False
34270.0,20.0,10.0,10.0,493.0,0.23809523809523808,-0.022172949002217297,False
34283.0,22.0,11.0,11.0,489.0,0.21153846153846154,-0.02517162471395881,False
34325.0,52.0,26.0,26.0,38.0,1.625,-1.1818181818181819,True
34403.0,37.0,18.0,19.0,197.0,0.13194444444444445,-0.3584905660377358,False
34406.0,37.0,18.0,19.0,197.0,0.1292517006802721,-0.38,False
34446.0,22.0,11.0,11.0,489.0,0.05116279069767442,-0.040145985401459854,False
34462.0,17.0,8.0,9.0,560.0,0.032490974729241874,-0.03180212014134275,False
34472.0,17.0,8.0,9.0,560.0,0.0313588850174216,-0.03296703296703297,False
34482.0,17.0,8.0,9.0,560.0,0.030303030303030304,-0.034220532319391636,False
34489.0,16.0,8.0,8.0,560.0,0.02631578947368421,-0.03125,False
34495.0,16.0,8.0,8.0,560.0,0.025806451612903226,-0.032,False
34508.0,15.0,7.0,8.0,568.0,0.024242424242424242,-0.03361344537815126,False
34516.0,15.0,7.0,8.0,568.0,0.023668639053254437,-0.034782608695652174,False
34524.0,15.0,7.0,8.0,568.0,0.023121387283236993,-0.036036036036036036,False
34526.0,15.0,7.0,8.0,568.0,0.022988505747126436,-0.03636363636363636,False
34531.0,15.0,7.0,8.0,568.0,0.0226628895184136,-0.037209302325581395,False
34535.0,15.0,7.0,8.0,568.0,0.022408963585434174,-0.037914691943127965,False
34540.0,15.0,7.0,8.0,568.0,0.022099447513812154,-0.038834951456310676,False
34543.0,15.0,7.0,8.0,568.0,0.021917808219178082,-0.03940886699507389,False
34550.0,15.0,7.0,8.0,568.0,0.021505376344086023,-0.04081632653061224,False
34555.0,15.0,7.0,8.0,568.0,0.021220159151193633,-0.041884816753926704,False
34562.0,15.0,7.0,8.0,568.0,0.020833333333333332,-0.043478260869565216,False
34564.0,15.0,7.0,8.0,568.0,0.02072538860103627,-0.04395604395604396,False
34566.0,15.0,7.0,8.0,568.0,0.020618556701030927,-0.044444444444444446,False
34569.0,15.0,7.0,8.0,568.0,0.020460358056265986,-0.04519774011299435,False
34578.0,15.0,7.0,8.0,568.0,0.02,-0.047619047619047616,False
34587.0,15.0,7.0,8.0,568.0,0.019559902200488997,-0.050314465408805034,False
34659.0,14.0,7.0,7.0,568.0,0.014553014553014554,-0.08045977011494253,False
34665.0,14.0,7.0,7.0,568.0,0.014373716632443531,-0.08641975308641975,False
34671.0,14.0,7.0,7.0,568.0,0.014198782961460446,-0.09333333333333334,False
34674.0,14.0,7.0,7.0,568.0,0.014112903225806451,-0.09722222222222222,False
34681.0,14.0,7.0,7.0,568.0,0.013916500994035786,-0.1076923076923077,False
34698.0,13.0,6.0,7.0,577.0,0.013257575757575758,-0.14285714285714285,False
34711.0,16.0,8.0,8.0,560.0,0.015209125475285171,-0.23529411764705882,False
34724.0,10.0,5.0,5.0,587.0,0.008896797153024912,-0.2,False
34739.0,13.0,6.0,7.0,577.0,0.012302284710017574,-0.875,False
